Year,Country,Survey,Age,EDHIW,perc,Head.or.Spouse_EDHIW,perc_spouse
1985,AU,AU85,Under 15 years,17508,87.72,*,-
1985,AU,AU85,15 to 19 years,23227,116.37,17571,88.04
1985,AU,AU85,20 to 24 years,26171,131.12,20573,103.08
1985,AU,AU85,25 to 29 years,23559,118.04,21305,106.74
1985,AU,AU85,30 to 34 years,20731,103.87,19840,99.40
1985,AU,AU85,35 to 39 years,21020,105.32,20524,102.83
1985,AU,AU85,40 to 44 years,23268,116.58,23126,115.87
1985,AU,AU85,45 to 49 years,24993,125.22,25134,125.93
1985,AU,AU85,50 to 54 years,26033,130.43,26609,133.32
1985,AU,AU85,55 to 59 years,23086,115.67,23549,117.99
1985,AU,AU85,60 to 64 years,16653,83.44,17814,89.25
1985,AU,AU85,65 to 69 years,12721,63.74,13287,66.57
1985,AU,AU85,70 to 74 years,11652,58.38,12243,61.34
1985,AU,AU85,75 to 79 years,11915,59.70,12841,64.34
1985,AU,AU85,TOTAL,19959,,20652,103.47
1989,AU,AU89,Under 15 years,17296,85.82,*,-
1989,AU,AU89,15 to 19 years,22184,110.08,17816,88.40
1989,AU,AU89,20 to 24 years,27409,136.00,24816,123.14
1989,AU,AU89,25 to 29 years,25016,124.13,22983,114.04
1989,AU,AU89,30 to 34 years,20682,102.62,19577,97.14
1989,AU,AU89,35 to 39 years,21024,104.32,20397,101.21
1989,AU,AU89,40 to 44 years,23263,115.43,23186,115.05
1989,AU,AU89,45 to 49 years,26047,129.25,26611,132.04
1989,AU,AU89,50 to 54 years,25782,127.93,26582,131.90
1989,AU,AU89,55 to 59 years,22142,109.87,23472,116.47
1989,AU,AU89,60 to 64 years,17212,85.41,18335,90.98
1989,AU,AU89,65 to 69 years,13358,66.28,14181,70.37
1989,AU,AU89,70 to 74 years,12781,63.42,13318,66.08
1989,AU,AU89,75 to 79 years,11724,58.17,13093,64.97
1989,AU,AU89,TOTAL,20153,,21126,104.83
1995,AU,AU95,Under 15 years,15922,85.81,*,-
1995,AU,AU95,15 to 19 years,20716,111.64,11962,64.46
1995,AU,AU95,20 to 24 years,25764,138.84,21568,116.23
1995,AU,AU95,25 to 29 years,24071,129.72,21968,118.39
1995,AU,AU95,30 to 34 years,19467,104.91,18504,99.72
1995,AU,AU95,35 to 39 years,18634,100.42,18192,98.04
1995,AU,AU95,40 to 44 years,21439,115.54,21106,113.74
1995,AU,AU95,45 to 49 years,23761,128.05,24161,130.21
1995,AU,AU95,50 to 54 years,23787,128.19,24907,134.23
1995,AU,AU95,55 to 59 years,19415,104.63,20465,110.29
1995,AU,AU95,60 to 64 years,13397,72.20,14648,78.94
1995,AU,AU95,65 to 69 years,12856,69.28,13728,73.98
1995,AU,AU95,70 to 74 years,12035,64.86,12882,69.42
1995,AU,AU95,75 to 79 years,10722,57.78,12109,65.26
1995,AU,AU95,TOTAL,18556,,19065,102.74
2001,AU,AU01,Under 15 years,17858,85.90,*,-
2001,AU,AU01,15 to 19 years,23510,113.09,19397,93.30
2001,AU,AU01,20 to 24 years,26413,127.05,22347,107.49
2001,AU,AU01,25 to 29 years,27348,131.55,25873,124.46
2001,AU,AU01,30 to 34 years,23037,110.81,22120,106.40
2001,AU,AU01,35 to 39 years,21000,101.01,20494,98.58
2001,AU,AU01,40 to 44 years,23785,114.41,23542,113.24
2001,AU,AU01,45 to 49 years,25981,124.97,26739,128.62
2001,AU,AU01,50 to 54 years,25649,123.38,27137,130.54
2001,AU,AU01,55 to 59 years,21866,105.18,23725,114.12
2001,AU,AU01,60 to 64 years,16832,80.97,18148,87.30
2001,AU,AU01,65 to 69 years,13754,66.16,14372,69.13
2001,AU,AU01,70 to 74 years,12440,59.84,13241,63.69
2001,AU,AU01,75 to 79 years,12696,61.07,14203,68.32
2001,AU,AU01,TOTAL,20789,,21834,105.03
2003,AU,AU03,Under 15 years,18274,86.73,*,-
2003,AU,AU03,15 to 19 years,23451,111.30,18263,86.67
2003,AU,AU03,20 to 24 years,27239,129.27,22927,108.81
2003,AU,AU03,25 to 29 years,26856,127.45,25441,120.74
2003,AU,AU03,30 to 34 years,23665,112.31,22715,107.80
2003,AU,AU03,35 to 39 years,21245,100.83,20924,99.30
2003,AU,AU03,40 to 44 years,22776,108.09,22627,107.38
2003,AU,AU03,45 to 49 years,27086,128.55,27563,130.81
2003,AU,AU03,50 to 54 years,27698,131.45,28833,136.84
2003,AU,AU03,55 to 59 years,23708,112.51,24957,118.44
2003,AU,AU03,60 to 64 years,17173,81.50,18819,89.31
2003,AU,AU03,65 to 69 years,14734,69.93,15325,72.73
2003,AU,AU03,70 to 74 years,13024,61.81,13993,66.41
2003,AU,AU03,75 to 79 years,12893,61.19,14144,67.13
2003,AU,AU03,TOTAL,21071,,22170,105.22
2008,AU,AU08,Under 15 years,25020,87.45,*,-
2008,AU,AU08,15 to 19 years,30295,105.89,29961,104.73
2008,AU,AU08,20 to 24 years,35637,124.57,33445,116.90
2008,AU,AU08,25 to 29 years,36595,127.91,35274,123.30
2008,AU,AU08,30 to 34 years,30905,108.03,30372,106.16
2008,AU,AU08,35 to 39 years,31001,108.36,30777,107.58
2008,AU,AU08,40 to 44 years,31146,108.87,31460,109.97
2008,AU,AU08,45 to 49 years,33382,116.68,34416,120.30
2008,AU,AU08,50 to 54 years,34825,121.73,36601,127.94
2008,AU,AU08,55 to 59 years,31499,110.10,32751,114.48
2008,AU,AU08,60 to 64 years,24180,84.52,25774,90.09
2008,AU,AU08,65 to 69 years,19407,67.84,20306,70.98
2008,AU,AU08,70 to 74 years,16620,58.09,18816,65.77
2008,AU,AU08,75 to 79 years,15914,55.63,16515,57.73
2008,AU,AU08,80 years and over,15483,54.12,16855,58.92
2008,AU,AU08,TOTAL,28609,,30106,105.23
2010,AU,AU10,Under 15 years,24973,87.82,*,-
2010,AU,AU10,15 to 19 years,30069,105.75,25683,90.32
2010,AU,AU10,20 to 24 years,35677,125.47,32008,112.57
2010,AU,AU10,25 to 29 years,37625,132.32,36037,126.73
2010,AU,AU10,30 to 34 years,33620,118.23,32569,114.54
2010,AU,AU10,35 to 39 years,29801,104.80,29527,103.84
2010,AU,AU10,40 to 44 years,29400,103.39,29580,104.03
2010,AU,AU10,45 to 49 years,33114,116.46,34140,120.06
2010,AU,AU10,50 to 54 years,34210,120.31,36019,126.67
2010,AU,AU10,55 to 59 years,31703,111.49,34222,120.35
2010,AU,AU10,60 to 64 years,25892,91.06,27679,97.34
2010,AU,AU10,65 to 69 years,19631,69.04,20727,72.89
2010,AU,AU10,70 to 74 years,17179,60.41,17694,62.23
2010,AU,AU10,75 to 79 years,15792,55.54,16072,56.52
2010,AU,AU10,80 years and over,15607,54.89,17495,61.53
2010,AU,AU10,TOTAL,28435,,29808,104.83
1987,CA,CA87,Under 15 years,21598,88.13,*,-
1987,CA,CA87,15 to 19 years,25357,103.46,15479,63.16
1987,CA,CA87,20 to 24 years,25778,105.18,21588,88.09
1987,CA,CA87,25 to 29 years,25618,104.53,24131,98.46
1987,CA,CA87,30 to 34 years,24903,101.61,24421,99.65
1987,CA,CA87,35 to 39 years,25602,104.46,25308,103.26
1987,CA,CA87,40 to 44 years,27628,112.73,27860,113.68
1987,CA,CA87,45 to 49 years,29862,121.85,29910,122.04
1987,CA,CA87,50 to 54 years,29055,118.55,29360,119.80
1987,CA,CA87,55 to 59 years,28174,114.96,29283,119.48
1987,CA,CA87,60 to 64 years,24257,98.98,25229,102.94
1987,CA,CA87,65 to 69 years,21259,86.74,22212,90.63
1987,CA,CA87,70 to 74 years,18524,75.58,19411,79.20
1987,CA,CA87,75 to 79 years,16617,67.80,18611,75.94
1987,CA,CA87,80 years and over,16829,68.67,16868,68.83
1987,CA,CA87,TOTAL,24508,,25653,104.67
1991,CA,CA91,Under 15 years,21545,88.50,*,-
1991,CA,CA91,15 to 19 years,24821,101.96,11526,47.34
1991,CA,CA91,20 to 24 years,26173,107.51,20395,83.77
1991,CA,CA91,25 to 29 years,25561,104.99,24191,99.37
1991,CA,CA91,30 to 34 years,24147,99.19,23383,96.05
1991,CA,CA91,35 to 39 years,25195,103.49,25037,102.84
1991,CA,CA91,40 to 44 years,26749,109.87,26616,109.33
1991,CA,CA91,45 to 49 years,30043,123.41,30190,124.01
1991,CA,CA91,50 to 54 years,30336,124.61,31067,127.61
1991,CA,CA91,55 to 59 years,28447,116.85,29360,120.60
1991,CA,CA91,60 to 64 years,23062,94.73,24201,99.41
1991,CA,CA91,65 to 69 years,21744,89.32,22453,92.23
1991,CA,CA91,70 to 74 years,20007,82.18,20721,85.11
1991,CA,CA91,75 to 79 years,19049,78.25,19999,82.15
1991,CA,CA91,80 years and over,16422,67.46,18939,77.79
1991,CA,CA91,TOTAL,24345,,25410,104.37
1994,CA,CA94,Under 15 years,21479,88.18,*,-
1994,CA,CA94,15 to 19 years,24698,101.40,12410,50.95
1994,CA,CA94,20 to 24 years,24975,102.53,19159,78.66
1994,CA,CA94,25 to 29 years,26092,107.12,24893,102.20
1994,CA,CA94,30 to 34 years,25326,103.97,24626,101.10
1994,CA,CA94,35 to 39 years,24906,102.25,24549,100.78
1994,CA,CA94,40 to 44 years,27019,110.92,27156,111.49
1994,CA,CA94,45 to 49 years,29817,122.41,30351,124.60
1994,CA,CA94,50 to 54 years,30803,126.46,31506,129.35
1994,CA,CA94,55 to 59 years,27291,112.04,28567,117.28
1994,CA,CA94,60 to 64 years,23109,94.87,24086,98.88
1994,CA,CA94,65 to 69 years,22025,90.42,23060,94.67
1994,CA,CA94,70 to 74 years,20243,83.11,22107,90.76
1994,CA,CA94,75 to 79 years,18618,76.43,20224,83.03
1994,CA,CA94,80 years and over,16884,69.32,18528,76.07
1994,CA,CA94,TOTAL,24358,,25599,105.09
1997,CA,CA97,Under 15 years,21493,88.49,*,-
1997,CA,CA97,15 to 19 years,24113,99.28,12730,52.41
1997,CA,CA97,20 to 24 years,25113,103.40,19364,79.73
1997,CA,CA97,25 to 29 years,26522,109.20,24742,101.87
1997,CA,CA97,30 to 34 years,25354,104.39,24736,101.84
1997,CA,CA97,35 to 39 years,24614,101.34,24251,99.85
1997,CA,CA97,40 to 44 years,26728,110.05,26733,110.07
1997,CA,CA97,45 to 49 years,28727,118.28,29303,120.65
1997,CA,CA97,50 to 54 years,29963,123.37,31304,128.89
1997,CA,CA97,55 to 59 years,26880,110.67,28100,115.69
1997,CA,CA97,60 to 64 years,22994,94.67,24077,99.13
1997,CA,CA97,65 to 69 years,21332,87.83,22534,92.78
1997,CA,CA97,70 to 74 years,20715,85.29,21985,90.52
1997,CA,CA97,75 to 79 years,19919,82.01,22294,91.79
1997,CA,CA97,80 years and over,17477,71.96,19644,80.88
1997,CA,CA97,TOTAL,24288,,25479,104.90
1998,CA,CA98,15 to 19 years,25122,101.43,11416,46.09
1998,CA,CA98,20 to 24 years,24822,100.22,17681,71.39
1998,CA,CA98,25 to 29 years,25571,103.24,24163,97.56
1998,CA,CA98,30 to 34 years,25601,103.36,25225,101.85
1998,CA,CA98,35 to 39 years,25663,103.61,25560,103.20
1998,CA,CA98,40 to 44 years,26815,108.26,27238,109.97
1998,CA,CA98,45 to 49 years,29380,118.62,30770,124.23
1998,CA,CA98,50 to 54 years,30515,123.20,32477,131.12
1998,CA,CA98,55 to 59 years,26699,107.80,28420,114.74
1998,CA,CA98,60 to 64 years,22782,91.98,24173,97.60
1998,CA,CA98,65 to 69 years,22323,90.13,22323,90.13
1998,CA,CA98,70 to 74 years,21445,86.58,21846,88.20
1998,CA,CA98,75 to 79 years,20665,83.43,21647,87.40
1998,CA,CA98,80 years and over,17987,72.62,19288,77.87
1998,CA,CA98,TOTAL,24768,,26060,105.22
2000,CA,CA00,Under 15 years,21637,88.18,*,-
2000,CA,CA00,15 to 19 years,25030,102.01,14189,57.82
2000,CA,CA00,20 to 24 years,25424,103.61,18582,75.73
2000,CA,CA00,25 to 29 years,25345,103.29,23873,97.29
2000,CA,CA00,30 to 34 years,25530,104.04,25030,102.01
2000,CA,CA00,35 to 39 years,25132,102.42,25127,102.40
2000,CA,CA00,40 to 44 years,26275,107.08,26832,109.35
2000,CA,CA00,45 to 49 years,28483,116.08,29682,120.96
2000,CA,CA00,50 to 54 years,30102,122.68,31875,129.90
2000,CA,CA00,55 to 59 years,27762,113.14,30117,122.74
2000,CA,CA00,60 to 64 years,23180,94.47,24342,99.20
2000,CA,CA00,65 to 69 years,23528,95.88,24031,97.93
2000,CA,CA00,70 to 74 years,21742,88.61,21811,88.89
2000,CA,CA00,75 to 79 years,21310,86.84,22931,93.45
2000,CA,CA00,80 years and over,18955,77.25,20822,84.86
2000,CA,CA00,TOTAL,24538,,25923,105.64
2004,CA,CA04,Under 15 years,22954,87.62,*,-
2004,CA,CA04,15 to 19 years,25702,98.11,14573,55.63
2004,CA,CA04,20 to 24 years,25602,97.73,18632,71.12
2004,CA,CA04,25 to 29 years,27477,104.89,26783,102.24
2004,CA,CA04,30 to 34 years,27704,105.75,27480,104.90
2004,CA,CA04,35 to 39 years,26294,100.37,26164,99.87
2004,CA,CA04,40 to 44 years,28095,107.25,28593,109.15
2004,CA,CA04,45 to 49 years,30168,115.16,31733,121.13
2004,CA,CA04,50 to 54 years,31637,120.77,33428,127.60
2004,CA,CA04,55 to 59 years,28683,109.49,31277,119.39
2004,CA,CA04,60 to 64 years,26263,100.25,28318,108.10
2004,CA,CA04,65 to 69 years,24506,93.55,24859,94.89
2004,CA,CA04,70 to 74 years,24322,92.84,24893,95.02
2004,CA,CA04,75 to 79 years,22909,87.45,23157,88.40
2004,CA,CA04,80 years and over,20812,79.44,22690,86.61
2004,CA,CA04,TOTAL,26197,,27960,106.73
2007,CA,CA07,Under 15 years,25159,88.41,*,-
2007,CA,CA07,15 to 19 years,28502,100.16,18266,64.19
2007,CA,CA07,20 to 24 years,28035,98.52,21087,74.10
2007,CA,CA07,25 to 29 years,28190,99.06,27219,95.65
2007,CA,CA07,30 to 34 years,29483,103.61,28548,100.32
2007,CA,CA07,35 to 39 years,29644,104.17,29159,102.47
2007,CA,CA07,40 to 44 years,29661,104.23,30216,106.18
2007,CA,CA07,45 to 49 years,31280,109.92,33036,116.09
2007,CA,CA07,50 to 54 years,34598,121.58,37120,130.44
2007,CA,CA07,55 to 59 years,32088,112.76,35501,124.75
2007,CA,CA07,60 to 64 years,28913,101.60,31267,109.87
2007,CA,CA07,65 to 69 years,27576,96.90,28892,101.53
2007,CA,CA07,70 to 74 years,25315,88.96,26157,91.92
2007,CA,CA07,75 to 79 years,25363,89.13,26556,93.32
2007,CA,CA07,80 years and over,22894,80.45,25216,88.61
2007,CA,CA07,TOTAL,28457,,30161,105.99
2010,CA,CA10,Under 15 years,26319,89.52,*,-
2010,CA,CA10,15 to 19 years,29536,100.46,19285,65.59
2010,CA,CA10,20 to 24 years,28836,98.08,21480,73.06
2010,CA,CA10,25 to 29 years,29012,98.68,27875,94.81
2010,CA,CA10,30 to 34 years,31373,106.71,31466,107.02
2010,CA,CA10,35 to 39 years,30207,102.74,29958,101.89
2010,CA,CA10,40 to 44 years,31248,106.28,31464,107.02
2010,CA,CA10,45 to 49 years,32822,111.64,33995,115.63
2010,CA,CA10,50 to 54 years,33548,114.10,36267,123.35
2010,CA,CA10,55 to 59 years,33366,113.49,36227,123.22
2010,CA,CA10,60 to 64 years,28760,97.82,31262,106.33
2010,CA,CA10,65 to 69 years,27004,91.85,27715,94.27
2010,CA,CA10,70 to 74 years,26446,89.95,26469,90.03
2010,CA,CA10,75 to 79 years,25053,85.21,25586,87.02
2010,CA,CA10,80 years and over,23768,80.84,24988,84.99
2010,CA,CA10,TOTAL,29401,100.00,31078,105.70
1984,DE,DE84,Under 15 years,18998,88.45,*,-
1984,DE,DE84,15 to 19 years,22055,102.68,*,-
1984,DE,DE84,20 to 24 years,23102,107.55,18066,84.11
1984,DE,DE84,25 to 29 years,21464,99.93,20897,97.29
1984,DE,DE84,30 to 34 years,22370,104.14,21658,100.83
1984,DE,DE84,35 to 39 years,22074,102.77,21883,101.88
1984,DE,DE84,40 to 44 years,24830,115.60,24620,114.62
1984,DE,DE84,45 to 49 years,24379,113.50,24489,114.01
1984,DE,DE84,50 to 54 years,24885,115.85,25077,116.75
1984,DE,DE84,55 to 59 years,24006,111.76,24856,115.72
1984,DE,DE84,60 to 64 years,21028,97.90,22253,103.60
1984,DE,DE84,65 to 69 years,18285,85.13,19862,92.47
1984,DE,DE84,70 to 74 years,17166,79.92,18238,84.91
1984,DE,DE84,75 to 79 years,17009,79.19,17333,80.69
1984,DE,DE84,80 years and over,16586,77.22,18622,86.69
1984,DE,DE84,TOTAL,21480,,22340,104.00
1989,DE,DE89,Under 15 years,21721,89.98,*,-
1989,DE,DE89,15 to 19 years,24006,99.45,*,-
1989,DE,DE89,20 to 24 years,26331,109.08,23434,97.08
1989,DE,DE89,25 to 29 years,25650,106.26,24527,101.61
1989,DE,DE89,30 to 34 years,24812,102.79,23837,98.75
1989,DE,DE89,35 to 39 years,24645,102.10,24311,100.71
1989,DE,DE89,40 to 44 years,27409,113.55,27409,113.55
1989,DE,DE89,45 to 49 years,29803,123.46,30242,125.28
1989,DE,DE89,50 to 54 years,29441,121.96,29797,123.44
1989,DE,DE89,55 to 59 years,26838,111.18,28527,118.18
1989,DE,DE89,60 to 64 years,23649,97.97,24838,102.90
1989,DE,DE89,65 to 69 years,21420,88.74,22755,94.27
1989,DE,DE89,70 to 74 years,20001,82.86,21426,88.76
1989,DE,DE89,75 to 79 years,18893,78.27,20325,84.20
1989,DE,DE89,80 years and over,19161,79.38,22555,93.44
1989,DE,DE89,TOTAL,24139,,25563,105.90
1994,DE,DE94,Under 15 years,20746,88.01,*,-
1994,DE,DE94,15 to 19 years,24437,103.67,*,-
1994,DE,DE94,20 to 24 years,23865,101.24,20535,87.12
1994,DE,DE94,25 to 29 years,24667,104.65,24210,102.71
1994,DE,DE94,30 to 34 years,24153,102.46,23073,97.88
1994,DE,DE94,35 to 39 years,24507,103.97,23880,101.31
1994,DE,DE94,40 to 44 years,26232,111.28,26424,112.10
1994,DE,DE94,45 to 49 years,29327,124.41,29628,125.69
1994,DE,DE94,50 to 54 years,28940,122.77,29253,124.10
1994,DE,DE94,55 to 59 years,27150,115.18,28036,118.94
1994,DE,DE94,60 to 64 years,21923,93.00,22867,97.01
1994,DE,DE94,65 to 69 years,22362,94.87,23618,100.20
1994,DE,DE94,70 to 74 years,21283,90.29,22800,96.72
1994,DE,DE94,75 to 79 years,20251,85.91,22620,95.96
1994,DE,DE94,80 years and over,18735,79.48,19745,83.76
1994,DE,DE94,TOTAL,23572,,25266,107.19
2000,DE,DE00,Under 15 years,22986,90.55,*,-
2000,DE,DE00,15 to 19 years,25416,100.13,*,-
2000,DE,DE00,20 to 24 years,25015,98.55,19747,77.79
2000,DE,DE00,25 to 29 years,23621,93.05,22629,89.15
2000,DE,DE00,30 to 34 years,25295,99.65,25059,98.72
2000,DE,DE00,35 to 39 years,26031,102.55,25716,101.31
2000,DE,DE00,40 to 44 years,27997,110.29,28090,110.66
2000,DE,DE00,45 to 49 years,29934,117.92,30194,118.95
2000,DE,DE00,50 to 54 years,31252,123.12,31983,126.00
2000,DE,DE00,55 to 59 years,29613,116.66,31265,123.17
2000,DE,DE00,60 to 64 years,26120,102.90,27352,107.75
2000,DE,DE00,65 to 69 years,23457,92.41,24447,96.31
2000,DE,DE00,70 to 74 years,22137,87.21,23449,92.38
2000,DE,DE00,75 to 79 years,21526,84.80,23804,93.78
2000,DE,DE00,80 years and over,21211,83.56,24768,97.57
2000,DE,DE00,TOTAL,25384,,26888,105.92
2004,DE,DE04,Under 15 years,23401,92.26,*,-
2004,DE,DE04,15 to 19 years,24610,97.02,*,-
2004,DE,DE04,20 to 24 years,23715,93.49,18474,72.83
2004,DE,DE04,25 to 29 years,23240,91.62,21901,86.34
2004,DE,DE04,30 to 34 years,25791,101.68,25403,100.15
2004,DE,DE04,35 to 39 years,26102,102.91,25833,101.85
2004,DE,DE04,40 to 44 years,26920,106.13,26813,105.71
2004,DE,DE04,45 to 49 years,29229,115.23,30031,118.40
2004,DE,DE04,50 to 54 years,30605,120.66,31652,124.79
2004,DE,DE04,55 to 59 years,30161,118.91,31575,124.48
2004,DE,DE04,60 to 64 years,26665,105.13,28001,110.39
2004,DE,DE04,65 to 69 years,23814,93.89,24999,98.56
2004,DE,DE04,70 to 74 years,22284,87.85,23412,92.30
2004,DE,DE04,75 to 79 years,21445,84.55,22985,90.62
2004,DE,DE04,80 years and over,21187,83.53,24172,95.30
2004,DE,DE04,TOTAL,25365,,26759,105.50
2007,DE,DE07,Under 15 years,23090,92.77,*,-
2007,DE,DE07,15 to 19 years,23945,96.20,*,-
2007,DE,DE07,20 to 24 years,24087,96.77,18339,73.68
2007,DE,DE07,25 to 29 years,23208,93.24,22686,91.15
2007,DE,DE07,30 to 34 years,25252,101.45,24949,100.24
2007,DE,DE07,35 to 39 years,25957,104.29,25803,103.67
2007,DE,DE07,40 to 44 years,27354,109.90,27082,108.81
2007,DE,DE07,45 to 49 years,28587,114.85,29515,118.58
2007,DE,DE07,50 to 54 years,30469,122.41,31647,127.15
2007,DE,DE07,55 to 59 years,29641,119.09,30615,123.00
2007,DE,DE07,60 to 64 years,25870,103.94,27892,112.06
2007,DE,DE07,65 to 69 years,22953,92.22,24076,96.73
2007,DE,DE07,70 to 74 years,21275,85.48,22628,90.91
2007,DE,DE07,75 to 79 years,19758,79.38,20300,81.56
2007,DE,DE07,80 years and over,21374,85.87,24279,97.55
2007,DE,DE07,TOTAL,24890,,26479,106.38
2010,DE,DE10,Under 15 years,23575,94.72,*,-
2010,DE,DE10,15 to 19 years,25899,102.34,*,-
2010,DE,DE10,20 to 24 years,24211,95.67,17473,70.20
2010,DE,DE10,25 to 29 years,23945,94.62,23530,94.54
2010,DE,DE10,30 to 34 years,25472,100.65,26332,105.79
2010,DE,DE10,35 to 39 years,26044,102.91,25879,103.97
2010,DE,DE10,40 to 44 years,27872,110.14,28740,115.47
2010,DE,DE10,45 to 49 years,29606,116.99,31005,124.57
2010,DE,DE10,50 to 54 years,29332,115.90,31549,126.75
2010,DE,DE10,55 to 59 years,29113,115.04,30729,123.46
2010,DE,DE10,60 to 64 years,25289,99.93,27632,111.02
2010,DE,DE10,65 to 69 years,23851,94.25,24492,98.40
2010,DE,DE10,70 to 74 years,21590,85.31,23113,92.86
2010,DE,DE10,75 to 79 years,20030,79.15,22065,88.65
2010,DE,DE10,80 years and over,20148,79.61,22246,89.38
2010,DE,DE10,TOTAL,25307,,27327,109.79
1980,ES,ES80,Under 15 years,10711,95.26,*,-
1980,ES,ES80,15 to 19 years,11246,100.02,8798,78.25
1980,ES,ES80,20 to 24 years,13118,116.67,12161,108.16
1980,ES,ES80,25 to 29 years,13222,117.59,12833,114.13
1980,ES,ES80,30 to 34 years,12118,107.77,12031,107.00
1980,ES,ES80,35 to 39 years,11581,103.00,11469,102.00
1980,ES,ES80,40 to 44 years,11131,99.00,11070,98.45
1980,ES,ES80,45 to 49 years,11782,104.78,11820,105.12
1980,ES,ES80,50 to 54 years,12147,108.03,12143,108.00
1980,ES,ES80,55 to 59 years,11914,105.96,12118,107.77
1980,ES,ES80,60 to 64 years,10648,94.70,10614,94.40
1980,ES,ES80,65 to 69 years,9835,87.47,9490,84.40
1980,ES,ES80,70 to 74 years,9212,81.93,8017,71.30
1980,ES,ES80,75 to 79 years,8799,78.26,7420,65.99
1980,ES,ES80,80 years and over,9994,88.88,6730,59.85
1980,ES,ES80,TOTAL,11244,100.00,11251,100.06
1990,ES,ES90,Under 15 years,12466,90.24,*,-
1990,ES,ES90,15 to 19 years,13196,95.53,7903,57.21
1990,ES,ES90,20 to 24 years,15907,115.15,13259,95.98
1990,ES,ES90,25 to 29 years,16694,120.85,14057,101.76
1990,ES,ES90,30 to 34 years,14733,106.65,13871,100.41
1990,ES,ES90,35 to 39 years,13764,99.64,13453,97.39
1990,ES,ES90,40 to 44 years,13690,99.10,13552,98.10
1990,ES,ES90,45 to 49 years,14542,105.27,14531,105.19
1990,ES,ES90,50 to 54 years,15510,112.28,15669,113.43
1990,ES,ES90,55 to 59 years,15234,110.28,15405,111.52
1990,ES,ES90,60 to 64 years,13537,97.99,13650,98.81
1990,ES,ES90,65 to 69 years,12936,93.64,13101,94.84
1990,ES,ES90,70 to 74 years,11947,86.48,11616,84.09
1990,ES,ES90,75 to 79 years,11786,85.32,11273,81.61
1990,ES,ES90,80 years and over,12644,91.53,9934,71.91
1990,ES,ES90,TOTAL,13814,100.00,13772,99.70
1995,ES,ES95,Under 15 years,14368,93.80,*,-
1995,ES,ES95,15 to 19 years,14441,94.28,*,-
1995,ES,ES95,20 to 24 years,15967,104.24,13773,89.92
1995,ES,ES95,25 to 29 years,17977,117.37,16313,106.50
1995,ES,ES95,30 to 34 years,16578,108.23,15778,103.01
1995,ES,ES95,35 to 39 years,16475,107.56,16128,105.29
1995,ES,ES95,40 to 44 years,17330,113.14,17205,112.33
1995,ES,ES95,45 to 49 years,16863,110.09,16863,110.09
1995,ES,ES95,50 to 54 years,18262,119.23,18114,118.26
1995,ES,ES95,55 to 59 years,16285,106.32,16430,107.27
1995,ES,ES95,60 to 64 years,15047,98.24,15120,98.71
1995,ES,ES95,65 to 69 years,13041,85.14,13290,86.77
1995,ES,ES95,70 to 74 years,13117,85.64,13493,88.09
1995,ES,ES95,75 to 79 years,13028,85.06,13764,89.86
1995,ES,ES95,80 years and over,13028,85.06,12933,84.44
1995,ES,ES95,TOTAL,15317,100.00,15397,100.52
2000,ES,ES00,Under 15 years,16977,87.60,*,-
2000,ES,ES00,15 to 19 years,19445,100.33,*,-
2000,ES,ES00,20 to 24 years,22155,114.31,17961,92.67
2000,ES,ES00,25 to 29 years,22671,116.98,19842,102.38
2000,ES,ES00,30 to 34 years,22137,114.22,20741,107.02
2000,ES,ES00,35 to 39 years,19513,100.68,18411,95.00
2000,ES,ES00,40 to 44 years,19718,101.74,19760,101.96
2000,ES,ES00,45 to 49 years,23004,118.69,23145,119.42
2000,ES,ES00,50 to 54 years,22874,118.02,23403,120.75
2000,ES,ES00,55 to 59 years,22739,117.33,22974,118.54
2000,ES,ES00,60 to 64 years,18247,94.15,18708,96.53
2000,ES,ES00,65 to 69 years,16029,82.70,16757,86.46
2000,ES,ES00,70 to 74 years,14021,72.34,14697,75.83
2000,ES,ES00,75 to 79 years,13573,70.03,14281,73.69
2000,ES,ES00,80 years and over,14898,76.87,15045,77.63
2000,ES,ES00,TOTAL,19381,100.00,19355,99.87
2004,ES,ES04,Under 15 years,16750,88.07,*,-
2004,ES,ES04,15 to 19 years,17654,92.82,*,-
2004,ES,ES04,20 to 24 years,21596,113.54,16406,86.26
2004,ES,ES04,25 to 29 years,22876,120.27,21882,115.05
2004,ES,ES04,30 to 34 years,22675,119.22,22796,119.85
2004,ES,ES04,35 to 39 years,18725,98.45,18642,98.01
2004,ES,ES04,40 to 44 years,18751,98.59,18409,96.79
2004,ES,ES04,45 to 49 years,21356,112.28,21744,114.32
2004,ES,ES04,50 to 54 years,22328,117.39,23002,120.94
2004,ES,ES04,55 to 59 years,21950,115.40,22323,117.37
2004,ES,ES04,60 to 64 years,18720,98.42,19114,100.49
2004,ES,ES04,65 to 69 years,16094,84.62,16578,87.16
2004,ES,ES04,70 to 74 years,14670,77.13,15185,79.84
2004,ES,ES04,75 to 79 years,13372,70.30,13388,70.39
2004,ES,ES04,TOTAL,19020,100.00,19433,102.17
2007,ES,ES07,Under 15 years,19012,90.10,*,-
2007,ES,ES07,15 to 19 years,19709,93.40,*,-
2007,ES,ES07,20 to 24 years,22449,106.39,18751,88.86
2007,ES,ES07,25 to 29 years,25169,119.28,24155,114.47
2007,ES,ES07,30 to 34 years,24259,114.97,24059,114.02
2007,ES,ES07,35 to 39 years,22025,104.38,21695,102.82
2007,ES,ES07,40 to 44 years,20696,98.08,20604,97.64
2007,ES,ES07,45 to 49 years,22332,105.83,22660,107.39
2007,ES,ES07,50 to 54 years,24119,114.30,24302,115.17
2007,ES,ES07,55 to 59 years,24432,115.79,24645,116.80
2007,ES,ES07,60 to 64 years,21316,101.02,21918,103.87
2007,ES,ES07,65 to 69 years,18872,89.44,19607,92.92
2007,ES,ES07,70 to 74 years,16336,77.42,16767,79.46
2007,ES,ES07,75 to 79 years,15153,71.81,15015,71.16
2007,ES,ES07,80 years and over,15223,72.14,14789,70.09
2007,ES,ES07,TOTAL,21101,100.00,21415,101.49
2010,ES,ES10,Under 15 years,17043,89.96,*,-
2010,ES,ES10,15 to 19 years,17820,94.06,*,-
2010,ES,ES10,20 to 24 years,19630,103.62,15406,81.32
2010,ES,ES10,25 to 29 years,21809,115.12,20020,105.67
2010,ES,ES10,30 to 34 years,22087,116.58,22126,116.79
2010,ES,ES10,35 to 39 years,20095,106.07,20011,105.63
2010,ES,ES10,40 to 44 years,18866,99.58,18480,97.55
2010,ES,ES10,45 to 49 years,20044,105.80,20097,106.08
2010,ES,ES10,50 to 54 years,22221,117.29,22313,117.78
2010,ES,ES10,55 to 59 years,22565,119.11,22962,121.20
2010,ES,ES10,60 to 64 years,19835,104.70,20437,107.88
2010,ES,ES10,65 to 69 years,18496,97.63,19158,101.12
2010,ES,ES10,70 to 74 years,15826,83.54,16004,84.48
2010,ES,ES10,75 to 79 years,14875,78.52,15133,79.88
2010,ES,ES10,80 years and over,14875,78.52,14669,77.43
2010,ES,ES10,TOTAL,18945,100.00,19459,102.71
1978,FR,FR78,Under 15 years,17752,95.38,*,-
1978,FR,FR78,15 to 19 years,18640,100.15,16103,86.52
1978,FR,FR78,20 to 24 years,20862,112.09,20799,111.75
1978,FR,FR78,25 to 29 years,20718,111.32,20319,109.17
1978,FR,FR78,30 to 34 years,20469,109.98,20226,108.67
1978,FR,FR78,35 to 39 years,20253,108.82,20222,108.65
1978,FR,FR78,40 to 44 years,20340,109.28,20260,108.85
1978,FR,FR78,45 to 49 years,20128,108.15,20169,108.37
1978,FR,FR78,50 to 54 years,20332,109.24,20431,109.77
1978,FR,FR78,55 to 59 years,19722,105.96,20275,108.94
1978,FR,FR78,60 to 64 years,17252,92.69,17567,94.39
1978,FR,FR78,65 to 69 years,14378,77.25,15208,81.71
1978,FR,FR78,70 to 74 years,13112,70.45,14806,79.55
1978,FR,FR78,75 to 79 years,13680,73.50,15046,80.84
1978,FR,FR78,80 years and over,13342,71.68,13443,72.23
1978,FR,FR78,TOTAL,18612,100.00,19409,104.28
1984,FR,FR84,Under 15 years,17465,97.56,*,-
1984,FR,FR84,15 to 19 years,17209,96.13,13417,74.95
1984,FR,FR84,20 to 24 years,18499,103.33,18389,102.72
1984,FR,FR84,25 to 29 years,19436,108.57,19217,107.35
1984,FR,FR84,30 to 34 years,19208,107.30,19005,106.16
1984,FR,FR84,35 to 39 years,19943,111.40,19666,109.85
1984,FR,FR84,40 to 44 years,20971,117.14,21025,117.44
1984,FR,FR84,45 to 49 years,20215,112.92,20511,114.57
1984,FR,FR84,50 to 54 years,19370,108.20,19974,111.57
1984,FR,FR84,55 to 59 years,17371,97.03,17782,99.33
1984,FR,FR84,60 to 64 years,16510,92.22,16910,94.46
1984,FR,FR84,65 to 69 years,15781,88.15,16540,92.39
1984,FR,FR84,70 to 74 years,14323,80.01,15120,84.46
1984,FR,FR84,75 to 79 years,13259,74.06,13945,77.90
1984,FR,FR84,80 years and over,14225,79.46,15279,85.35
1984,FR,FR84,TOTAL,17902,100.00,18673,104.31
1989,FR,FR89,Under 15 years,17519,93.39,*,-
1989,FR,FR89,15 to 19 years,18376,97.96,*,-
1989,FR,FR89,20 to 24 years,19547,104.21,19054,101.58
1989,FR,FR89,25 to 29 years,20229,107.84,20127,107.30
1989,FR,FR89,30 to 34 years,19201,102.36,19094,101.79
1989,FR,FR89,35 to 39 years,20354,108.51,20151,107.43
1989,FR,FR89,40 to 44 years,21724,115.81,21819,116.32
1989,FR,FR89,45 to 49 years,22412,119.48,22615,120.56
1989,FR,FR89,50 to 54 years,21455,114.38,21905,116.78
1989,FR,FR89,55 to 59 years,18711,99.75,18754,99.98
1989,FR,FR89,60 to 64 years,18458,98.40,19308,102.93
1989,FR,FR89,65 to 69 years,17171,91.54,17962,95.76
1989,FR,FR89,70 to 74 years,16054,85.58,17140,91.37
1989,FR,FR89,75 to 79 years,15159,80.81,16498,87.95
1989,FR,FR89,80 years and over,13939,74.31,16168,86.19
1989,FR,FR89,TOTAL,18758,100.00,19724,105.15
1994,FR,FR94,Under 15 years,19449,94.49,*,-
1994,FR,FR94,15 to 19 years,20497,99.58,*,-
1994,FR,FR94,20 to 24 years,19005,92.33,16276,79.07
1994,FR,FR94,25 to 29 years,20178,98.03,19959,96.96
1994,FR,FR94,30 to 34 years,21114,102.57,21045,102.24
1994,FR,FR94,35 to 39 years,21568,104.78,21558,104.73
1994,FR,FR94,40 to 44 years,22282,108.25,22530,109.45
1994,FR,FR94,45 to 49 years,25354,123.17,25597,124.35
1994,FR,FR94,50 to 54 years,25487,123.82,26163,127.10
1994,FR,FR94,55 to 59 years,22101,107.37,23184,112.63
1994,FR,FR94,60 to 64 years,20047,97.39,20572,99.94
1994,FR,FR94,65 to 69 years,20179,98.03,21237,103.17
1994,FR,FR94,70 to 74 years,19217,93.36,20885,101.46
1994,FR,FR94,75 to 79 years,19195,93.25,20975,101.90
1994,FR,FR94,80 years and over,16950,82.35,17992,87.41
1994,FR,FR94,TOTAL,20584,100.00,21793,105.87
2000,FR,FR00,Under 15 years,19038,91.75,*,-
2000,FR,FR00,15 to 19 years,19847,95.65,*,-
2000,FR,FR00,20 to 24 years,19637,94.64,16546,79.74
2000,FR,FR00,25 to 29 years,21116,101.77,20899,100.72
2000,FR,FR00,30 to 34 years,20553,99.06,20458,98.60
2000,FR,FR00,35 to 39 years,20899,100.72,20641,99.48
2000,FR,FR00,40 to 44 years,22577,108.81,22361,107.77
2000,FR,FR00,45 to 49 years,24527,118.21,24728,119.18
2000,FR,FR00,50 to 54 years,25667,123.70,26797,129.15
2000,FR,FR00,55 to 59 years,24293,117.08,25573,123.25
2000,FR,FR00,60 to 64 years,21044,101.42,22380,107.86
2000,FR,FR00,65 to 69 years,20187,97.29,21192,102.14
2000,FR,FR00,70 to 74 years,18424,88.79,19457,93.77
2000,FR,FR00,75 to 79 years,18486,89.09,19713,95.01
2000,FR,FR00,80 years and over,18636,89.82,19765,95.26
2000,FR,FR00,TOTAL,20749,100.00,21827,105.20
2005,FR,FR05,Under 15 years,19653,90.79,*,-
2005,FR,FR05,15 to 19 years,21047,97.23,12657,58.47
2005,FR,FR05,20 to 24 years,20708,95.67,18285,84.47
2005,FR,FR05,25 to 29 years,21841,100.90,21582,99.70
2005,FR,FR05,30 to 34 years,21707,100.28,21687,100.19
2005,FR,FR05,35 to 39 years,21261,98.22,21138,97.65
2005,FR,FR05,40 to 44 years,21891,101.13,22099,102.09
2005,FR,FR05,45 to 49 years,23608,109.06,23932,110.56
2005,FR,FR05,50 to 54 years,25742,118.92,26815,123.88
2005,FR,FR05,55 to 59 years,25766,119.03,26657,123.15
2005,FR,FR05,60 to 64 years,23010,106.30,24341,112.45
2005,FR,FR05,65 to 69 years,22081,102.01,23046,106.47
2005,FR,FR05,70 to 74 years,20569,95.02,21881,101.09
2005,FR,FR05,75 to 79 years,20307,93.81,22782,105.25
2005,FR,FR05,80 years and over,19916,92.01,21273,98.28
2005,FR,FR05,TOTAL,21646,100.00,22980,106.16
2010,FR,FR10,Under 15 years,22766,93.33,*,-
2010,FR,FR10,15 to 19 years,22715,93.12,15142,62.08
2010,FR,FR10,20 to 24 years,21328,87.43,19562,80.20
2010,FR,FR10,25 to 29 years,24892,102.05,25000,102.49
2010,FR,FR10,30 to 34 years,25877,106.08,25841,105.94
2010,FR,FR10,35 to 39 years,25655,105.17,26064,106.85
2010,FR,FR10,40 to 44 years,25599,104.94,26099,106.99
2010,FR,FR10,45 to 49 years,26097,106.99,26682,109.38
2010,FR,FR10,50 to 54 years,27945,114.56,29630,121.47
2010,FR,FR10,55 to 59 years,28045,114.97,28909,118.51
2010,FR,FR10,60 to 64 years,26973,110.58,28636,117.39
2010,FR,FR10,65 to 69 years,26042,106.76,27331,112.04
2010,FR,FR10,70 to 74 years,23189,95.06,24043,98.57
2010,FR,FR10,75 to 79 years,21409,87.77,22301,91.42
2010,FR,FR10,80 years and over,21502,88.15,22639,92.81
2010,FR,FR10,TOTAL,24393,100.00,26110,107.04
1986,IT,IT86,Under 15 years,14082,91.77,*,-
1986,IT,IT86,15 to 19 years,14511,94.57,*,-
1986,IT,IT86,20 to 24 years,16513,107.61,11061,72.08
1986,IT,IT86,25 to 29 years,16175,105.41,15270,99.51
1986,IT,IT86,30 to 34 years,16984,110.68,16261,105.97
1986,IT,IT86,35 to 39 years,16508,107.58,16377,106.73
1986,IT,IT86,40 to 44 years,16175,105.41,16432,107.08
1986,IT,IT86,45 to 49 years,16727,109.01,16634,108.40
1986,IT,IT86,50 to 54 years,16680,108.70,17004,110.81
1986,IT,IT86,55 to 59 years,16298,106.21,16276,106.07
1986,IT,IT86,60 to 64 years,14583,95.03,14797,96.43
1986,IT,IT86,65 to 69 years,14254,92.89,15270,99.51
1986,IT,IT86,70 to 74 years,13010,84.78,13142,85.64
1986,IT,IT86,75 to 79 years,13224,86.18,11525,75.11
1986,IT,IT86,80 years and over,12738,83.01,11636,75.83
1986,IT,IT86,TOTAL,15345,100.00,15683,102.20
1987,IT,IT87,Under 15 years,14135,86.81,*,-
1987,IT,IT87,15 to 19 years,15972,98.10,*,-
1987,IT,IT87,20 to 24 years,18217,111.88,13432,82.50
1987,IT,IT87,25 to 29 years,18135,111.38,15572,95.64
1987,IT,IT87,30 to 34 years,17294,106.22,16655,102.29
1987,IT,IT87,35 to 39 years,17678,108.57,17334,106.46
1987,IT,IT87,40 to 44 years,16604,101.98,16552,101.66
1987,IT,IT87,45 to 49 years,17522,107.62,17522,107.62
1987,IT,IT87,50 to 54 years,19225,118.08,19367,118.95
1987,IT,IT87,55 to 59 years,17765,109.11,18121,111.29
1987,IT,IT87,60 to 64 years,15916,97.75,16570,101.77
1987,IT,IT87,65 to 69 years,15798,97.03,15955,97.99
1987,IT,IT87,70 to 74 years,14130,86.78,14334,88.04
1987,IT,IT87,75 to 79 years,13367,82.10,13331,81.88
1987,IT,IT87,80 years and over,12633,77.59,11635,71.46
1987,IT,IT87,TOTAL,16282,100.00,16542,101.60
1989,IT,IT89,Under 15 years,16219,88.87,*,-
1989,IT,IT89,15 to 19 years,17813,97.61,*,-
1989,IT,IT89,20 to 24 years,20457,112.09,16941,92.83
1989,IT,IT89,25 to 29 years,20266,111.05,18426,100.96
1989,IT,IT89,30 to 34 years,19866,108.85,18897,103.55
1989,IT,IT89,35 to 39 years,19112,104.72,18470,101.21
1989,IT,IT89,40 to 44 years,19426,106.44,19409,106.35
1989,IT,IT89,45 to 49 years,20914,114.60,21007,115.11
1989,IT,IT89,50 to 54 years,20454,112.08,20748,113.69
1989,IT,IT89,55 to 59 years,19815,108.58,19884,108.95
1989,IT,IT89,60 to 64 years,18143,99.41,18189,99.67
1989,IT,IT89,65 to 69 years,16155,88.52,16682,91.41
1989,IT,IT89,70 to 74 years,14197,77.79,14334,78.54
1989,IT,IT89,75 to 79 years,14757,80.86,14390,78.85
1989,IT,IT89,80 years and over,14877,81.52,13561,74.31
1989,IT,IT89,TOTAL,18250,100.00,18568,101.74
1991,IT,IT91,Under 15 years,16551,87.58,*,-
1991,IT,IT91,15 to 19 years,17756,93.96,*,-
1991,IT,IT91,20 to 24 years,20184,106.80,14970,79.21
1991,IT,IT91,25 to 29 years,21151,111.92,17326,91.68
1991,IT,IT91,30 to 34 years,20241,107.11,18440,97.58
1991,IT,IT91,35 to 39 years,20200,106.89,19392,102.61
1991,IT,IT91,40 to 44 years,19867,105.13,19619,103.82
1991,IT,IT91,45 to 49 years,20520,108.58,20370,107.79
1991,IT,IT91,50 to 54 years,21095,111.63,20929,110.75
1991,IT,IT91,55 to 59 years,20633,109.18,20897,110.58
1991,IT,IT91,60 to 64 years,19358,102.43,19532,103.35
1991,IT,IT91,65 to 69 years,16848,89.15,17384,91.99
1991,IT,IT91,70 to 74 years,16157,85.50,16157,85.50
1991,IT,IT91,75 to 79 years,15866,83.96,17182,90.92
1991,IT,IT91,80 years and over,15444,81.72,16157,85.50
1991,IT,IT91,TOTAL,18898,100.00,19169,101.43
1993,IT,IT93,Under 15 years,14379,82.53,*,-
1993,IT,IT93,15 to 19 years,16265,93.36,*,-
1993,IT,IT93,20 to 24 years,19237,110.42,15838,90.91
1993,IT,IT93,25 to 29 years,19396,111.33,17283,99.20
1993,IT,IT93,30 to 34 years,18199,104.46,17112,98.22
1993,IT,IT93,35 to 39 years,18491,106.14,18053,103.62
1993,IT,IT93,40 to 44 years,19408,111.40,19152,109.93
1993,IT,IT93,45 to 49 years,18791,107.86,18791,107.86
1993,IT,IT93,50 to 54 years,20422,117.22,20587,118.17
1993,IT,IT93,55 to 59 years,19050,109.34,19136,109.84
1993,IT,IT93,60 to 64 years,17133,98.34,17700,101.60
1993,IT,IT93,65 to 69 years,16072,92.25,17548,100.72
1993,IT,IT93,70 to 74 years,15477,88.84,16054,92.15
1993,IT,IT93,75 to 79 years,13614,78.14,14695,84.35
1993,IT,IT93,80 years and over,14014,80.44,13521,77.61
1993,IT,IT93,TOTAL,17422,100.00,18020,103.43
1995,IT,IT95,Under 15 years,14167,83.19,*,-
1995,IT,IT95,15 to 19 years,15283,89.74,*,-
1995,IT,IT95,20 to 24 years,18405,108.07,14362,84.33
1995,IT,IT95,25 to 29 years,19440,114.15,17399,102.17
1995,IT,IT95,30 to 34 years,18363,107.83,16709,98.12
1995,IT,IT95,35 to 39 years,16281,95.60,15885,93.28
1995,IT,IT95,40 to 44 years,17823,104.66,17446,102.44
1995,IT,IT95,45 to 49 years,18869,110.80,18786,110.31
1995,IT,IT95,50 to 54 years,19677,115.54,19761,116.04
1995,IT,IT95,55 to 59 years,19301,113.34,19451,114.22
1995,IT,IT95,60 to 64 years,17703,103.95,18371,107.87
1995,IT,IT95,65 to 69 years,16470,96.71,17030,100.00
1995,IT,IT95,70 to 74 years,15089,88.60,15643,91.86
1995,IT,IT95,75 to 79 years,13802,81.05,15404,90.45
1995,IT,IT95,80 years and over,14017,82.31,13068,76.74
1995,IT,IT95,TOTAL,17030,100.00,17485,102.67
1998,IT,IT98,Under 15 years,16269,90.81,*,-
1998,IT,IT98,15 to 19 years,15421,86.07,*,-
1998,IT,IT98,20 to 24 years,20022,111.75,13766,76.84
1998,IT,IT98,25 to 29 years,20423,113.99,16776,93.64
1998,IT,IT98,30 to 34 years,19015,106.13,17098,95.43
1998,IT,IT98,35 to 39 years,17800,99.35,17327,96.71
1998,IT,IT98,40 to 44 years,19105,106.64,18948,105.76
1998,IT,IT98,45 to 49 years,20591,114.93,20788,116.03
1998,IT,IT98,50 to 54 years,21654,120.86,21955,122.54
1998,IT,IT98,55 to 59 years,20892,116.61,21493,119.97
1998,IT,IT98,60 to 64 years,19001,106.06,19166,106.98
1998,IT,IT98,65 to 69 years,16279,90.86,17002,94.90
1998,IT,IT98,70 to 74 years,15096,84.26,16390,91.48
1998,IT,IT98,75 to 79 years,14255,79.57,14736,82.25
1998,IT,IT98,80 years and over,15484,86.43,14777,82.48
1998,IT,IT98,TOTAL,17916,100.00,18408,102.75
2000,IT,IT00,Under 15 years,15510,85.27,*,-
2000,IT,IT00,15 to 19 years,16569,91.09,*,-
2000,IT,IT00,20 to 24 years,19916,109.49,14888,81.85
2000,IT,IT00,25 to 29 years,21942,120.63,18246,100.31
2000,IT,IT00,30 to 34 years,19936,109.60,17624,96.89
2000,IT,IT00,35 to 39 years,17964,98.76,17025,93.60
2000,IT,IT00,40 to 44 years,18405,101.19,18242,100.29
2000,IT,IT00,45 to 49 years,21206,116.59,21280,116.99
2000,IT,IT00,50 to 54 years,22039,121.17,22414,123.23
2000,IT,IT00,55 to 59 years,21932,120.58,22230,122.22
2000,IT,IT00,60 to 64 years,19795,108.83,20154,110.80
2000,IT,IT00,65 to 69 years,17304,95.13,18095,99.48
2000,IT,IT00,70 to 74 years,15041,82.69,15672,86.16
2000,IT,IT00,75 to 79 years,14919,82.02,15397,84.65
2000,IT,IT00,80 years and over,14652,80.55,14652,80.55
2000,IT,IT00,TOTAL,18189,100.00,18582,102.16
2004,IT,IT04,Under 15 years,15515,83.11,*,-
2004,IT,IT04,15 to 19 years,16735,89.65,*,-
2004,IT,IT04,20 to 24 years,18994,101.75,12834,68.75
2004,IT,IT04,25 to 29 years,21752,116.53,19744,105.77
2004,IT,IT04,30 to 34 years,20198,108.20,18080,96.86
2004,IT,IT04,35 to 39 years,19592,104.96,17528,93.90
2004,IT,IT04,40 to 44 years,20173,108.07,19768,105.90
2004,IT,IT04,45 to 49 years,20647,110.61,20395,109.26
2004,IT,IT04,50 to 54 years,21700,116.25,21994,117.82
2004,IT,IT04,55 to 59 years,22586,120.99,22931,122.84
2004,IT,IT04,60 to 64 years,20616,110.44,20681,110.79
2004,IT,IT04,65 to 69 years,18265,97.85,18699,100.17
2004,IT,IT04,70 to 74 years,15912,85.24,16790,89.94
2004,IT,IT04,75 to 79 years,14468,77.51,15582,83.47
2004,IT,IT04,80 years and over,15400,82.50,16067,86.07
2004,IT,IT04,TOTAL,18667,100.00,19264,103.20
2008,IT,IT08,Under 15 years,16272,83.61,*,-
2008,IT,IT08,15 to 19 years,18096,92.99,*,-
2008,IT,IT08,20 to 24 years,19742,101.44,11879,61.04
2008,IT,IT08,25 to 29 years,20787,106.81,14112,72.51
2008,IT,IT08,30 to 34 years,20756,106.65,18573,95.44
2008,IT,IT08,35 to 39 years,19567,100.54,18891,97.07
2008,IT,IT08,40 to 44 years,19943,102.48,18636,95.76
2008,IT,IT08,45 to 49 years,20523,105.46,20137,103.47
2008,IT,IT08,50 to 54 years,23813,122.36,24242,124.57
2008,IT,IT08,55 to 59 years,24270,124.71,24588,126.34
2008,IT,IT08,60 to 64 years,22559,115.92,23422,120.35
2008,IT,IT08,65 to 69 years,20952,107.66,21854,112.30
2008,IT,IT08,70 to 74 years,17618,90.53,18517,95.15
2008,IT,IT08,75 to 79 years,16267,83.59,16648,85.55
2008,IT,IT08,80 years and over,16325,83.89,16488,84.72
2008,IT,IT08,TOTAL,19461,100.00,20043,102.99
2010,IT,IT10,Under 15 years,15880,84.13,*,-
2010,IT,IT10,15 to 19 years,16396,86.87,*,-
2010,IT,IT10,20 to 24 years,18735,99.26,11518,61.02
2010,IT,IT10,25 to 29 years,20799,110.19,15841,83.93
2010,IT,IT10,30 to 34 years,19381,102.68,17048,90.32
2010,IT,IT10,35 to 39 years,18507,98.05,17665,93.59
2010,IT,IT10,40 to 44 years,18688,99.01,18369,97.32
2010,IT,IT10,45 to 49 years,19716,104.46,19420,102.89
2010,IT,IT10,50 to 54 years,21836,115.69,21838,115.70
2010,IT,IT10,55 to 59 years,23134,122.56,23527,124.65
2010,IT,IT10,60 to 64 years,23513,124.57,24059,127.46
2010,IT,IT10,65 to 69 years,19888,105.37,20615,109.22
2010,IT,IT10,70 to 74 years,18091,95.85,18848,99.86
2010,IT,IT10,75 to 79 years,17020,90.17,17471,92.56
2010,IT,IT10,80 years and over,15597,82.63,15649,82.91
2010,IT,IT10,TOTAL,18875,,19642,104.06
1979,NO,NO79,15 to 19 years,10113,63.88,10383,65.58
1979,NO,NO79,20 to 24 years,13975,88.27,14094,89.02
1979,NO,NO79,25 to 29 years,16016,101.16,15797,99.78
1979,NO,NO79,30 to 34 years,16770,105.92,16475,104.06
1979,NO,NO79,35 to 39 years,17505,110.57,17269,109.08
1979,NO,NO79,40 to 44 years,17413,109.99,17302,109.28
1979,NO,NO79,45 to 49 years,17799,112.42,17771,112.25
1979,NO,NO79,50 to 54 years,18314,115.68,18567,117.28
1979,NO,NO79,55 to 59 years,18472,116.68,18905,119.41
1979,NO,NO79,60 to 64 years,17395,109.87,18333,115.80
1979,NO,NO79,65 to 69 years,14016,88.53,15576,98.38
1979,NO,NO79,70 to 74 years,11106,70.15,12222,77.20
1979,NO,NO79,75 to 79 years,10272,64.88,11364,71.78
1979,NO,NO79,80 years and over,9205,58.14,11078,69.97
1979,NO,NO79,TOTAL,15832,100.00,16695,105.45
1986,NO,NO86,Under 15 years,19872,94.57,*,-
1986,NO,NO86,15 to 19 years,22978,109.36,*,-
1986,NO,NO86,20 to 24 years,22526,107.21,16589,78.95
1986,NO,NO86,25 to 29 years,20859,99.27,20363,96.91
1986,NO,NO86,30 to 34 years,20974,99.82,20343,96.82
1986,NO,NO86,35 to 39 years,22000,104.70,21886,104.16
1986,NO,NO86,40 to 44 years,23953,114.00,24356,115.91
1986,NO,NO86,45 to 49 years,24845,118.24,25412,120.94
1986,NO,NO86,50 to 54 years,25121,119.56,25998,123.73
1986,NO,NO86,55 to 59 years,24697,117.54,25688,122.25
1986,NO,NO86,60 to 64 years,22466,106.92,23774,113.14
1986,NO,NO86,65 to 69 years,17502,83.30,18983,90.34
1986,NO,NO86,70 to 74 years,15244,72.55,17360,82.62
1986,NO,NO86,75 to 79 years,12546,59.71,14206,67.61
1986,NO,NO86,80 years and over,10731,51.07,12716,60.52
1986,NO,NO86,TOTAL,21012,100.00,21945,104.44
1991,NO,NO91,Under 15 years,20099,92.41,*,-
1991,NO,NO91,15 to 19 years,23098,106.20,*,-
1991,NO,NO91,20 to 24 years,22757,104.63,16275,74.83
1991,NO,NO91,25 to 29 years,22180,101.98,19858,91.31
1991,NO,NO91,30 to 34 years,21701,99.78,20703,95.19
1991,NO,NO91,35 to 39 years,22111,101.66,21957,100.96
1991,NO,NO91,40 to 44 years,24001,110.35,24169,111.13
1991,NO,NO91,45 to 49 years,26119,120.09,27456,126.24
1991,NO,NO91,50 to 54 years,26322,121.03,27822,127.92
1991,NO,NO91,55 to 59 years,24801,114.03,27211,125.11
1991,NO,NO91,60 to 64 years,22740,104.56,24000,110.35
1991,NO,NO91,65 to 69 years,19710,90.62,21238,97.65
1991,NO,NO91,70 to 74 years,16872,77.58,18595,85.50
1991,NO,NO91,75 to 79 years,15492,71.23,17156,78.88
1991,NO,NO91,80 years and over,12476,57.36,14664,67.42
1991,NO,NO91,TOTAL,21749,100.00,22756,104.63
1995,NO,NO95,Under 15 years,20674,95.67,*,-
1995,NO,NO95,15 to 19 years,22859,105.78,*,-
1995,NO,NO95,20 to 24 years,20172,93.35,17634,81.60
1995,NO,NO95,25 to 29 years,21089,97.59,21023,97.28
1995,NO,NO95,30 to 34 years,22599,104.58,22550,104.35
1995,NO,NO95,35 to 39 years,22165,102.57,22126,102.39
1995,NO,NO95,40 to 44 years,23808,110.17,24175,111.87
1995,NO,NO95,45 to 49 years,26191,121.20,27105,125.43
1995,NO,NO95,50 to 54 years,27489,127.20,29030,134.34
1995,NO,NO95,55 to 59 years,25400,117.54,26841,124.21
1995,NO,NO95,60 to 64 years,22309,103.23,23308,107.86
1995,NO,NO95,65 to 69 years,19279,89.21,20936,96.88
1995,NO,NO95,70 to 74 years,17069,78.99,18018,83.38
1995,NO,NO95,75 to 79 years,14878,68.85,16641,77.01
1995,NO,NO95,80 years and over,12523,57.95,15710,72.70
1995,NO,NO95,TOTAL,21610,100.00,22998,106.42
2000,NO,NO00,Under 15 years,24154,95.35,*,-
2000,NO,NO00,15 to 19 years,26829,105.91,15461,61.04
2000,NO,NO00,20 to 24 years,23753,93.77,21238,83.84
2000,NO,NO00,25 to 29 years,25548,100.86,25828,101.96
2000,NO,NO00,30 to 34 years,26329,103.94,26253,103.64
2000,NO,NO00,35 to 39 years,25783,101.78,25672,101.35
2000,NO,NO00,40 to 44 years,27398,108.16,27836,109.89
2000,NO,NO00,45 to 49 years,29739,117.40,31298,123.56
2000,NO,NO00,50 to 54 years,30479,120.32,32205,127.14
2000,NO,NO00,55 to 59 years,30379,119.93,32487,128.25
2000,NO,NO00,60 to 64 years,25923,102.34,27988,110.49
2000,NO,NO00,65 to 69 years,22485,88.76,24690,97.47
2000,NO,NO00,70 to 74 years,19192,75.76,21456,84.70
2000,NO,NO00,75 to 79 years,17795,70.25,19634,77.51
2000,NO,NO00,80 years and over,15047,59.40,18483,72.97
2000,NO,NO00,TOTAL,25331,,27222,107.47
2004,NO,NO04,Under 15 years,26047,95.09,*,-
2004,NO,NO04,15 to 19 years,28191,102.92,15053,54.96
2004,NO,NO04,20 to 24 years,22079,80.61,21863,79.82
2004,NO,NO04,25 to 29 years,26031,95.03,26731,97.59
2004,NO,NO04,30 to 34 years,27887,101.81,28165,102.83
2004,NO,NO04,35 to 39 years,27873,101.76,28151,102.77
2004,NO,NO04,40 to 44 years,29007,105.90,29292,106.94
2004,NO,NO04,45 to 49 years,31446,114.80,32673,119.28
2004,NO,NO04,50 to 54 years,33745,123.20,35755,130.54
2004,NO,NO04,55 to 59 years,33226,121.30,35486,129.55
2004,NO,NO04,60 to 64 years,30136,110.02,32392,118.26
2004,NO,NO04,65 to 69 years,25544,93.26,27756,101.33
2004,NO,NO04,70 to 74 years,23728,86.63,25246,92.17
2004,NO,NO04,75 to 79 years,21153,77.23,23254,84.90
2004,NO,NO04,80 years and over,17410,63.56,21939,80.10
2004,NO,NO04,TOTAL,27391,100.00,29628,108.17
2007,NO,NO07,Under 15 years,30459,96.51,*,-
2007,NO,NO07,15 to 19 years,33029,104.66,19618,62.16
2007,NO,NO07,20 to 24 years,24153,76.53,27104,85.88
2007,NO,NO07,25 to 29 years,30200,95.69,31599,100.13
2007,NO,NO07,30 to 34 years,32082,101.66,32462,102.86
2007,NO,NO07,35 to 39 years,32185,101.98,32442,102.80
2007,NO,NO07,40 to 44 years,33218,105.26,33871,107.33
2007,NO,NO07,45 to 49 years,35715,113.17,37126,117.64
2007,NO,NO07,50 to 54 years,38035,120.52,40167,127.28
2007,NO,NO07,55 to 59 years,37690,119.43,40346,127.84
2007,NO,NO07,60 to 64 years,34828,110.36,37340,118.32
2007,NO,NO07,65 to 69 years,29777,94.35,31955,101.25
2007,NO,NO07,70 to 74 years,26445,83.80,28522,90.38
2007,NO,NO07,75 to 79 years,23925,75.81,26262,83.22
2007,NO,NO07,80 years and over,20660,65.46,24463,77.52
2007,NO,NO07,TOTAL,31559,100.00,34072,107.96
2010,NO,NO10,15 to 19 years,34302,104.24,16950,51.51
2010,NO,NO10,20 to 24 years,24746,75.20,26614,80.88
2010,NO,NO10,25 to 29 years,30523,92.76,31832,96.73
2010,NO,NO10,30 to 34 years,33038,100.40,33620,102.17
2010,NO,NO10,35 to 39 years,33393,101.48,33857,102.89
2010,NO,NO10,40 to 44 years,34698,105.44,35430,107.67
2010,NO,NO10,45 to 49 years,36889,112.10,38449,116.84
2010,NO,NO10,50 to 54 years,39283,119.38,41796,127.01
2010,NO,NO10,55 to 59 years,39704,120.66,42781,130.01
2010,NO,NO10,60 to 64 years,36754,111.69,39493,120.01
2010,NO,NO10,65 to 69 years,32740,99.49,35042,106.49
2010,NO,NO10,70 to 74 years,28933,87.92,31162,94.70
2010,NO,NO10,75 to 79 years,26006,79.03,28301,86.00
2010,NO,NO10,80 years and over,22722,69.05,26476,80.46
2010,NO,NO10,TOTAL,32907,100.00,35657,108.36
1981,SE,SE81,Under 15 years,14951,101.35,*,-
1981,SE,SE81,15 to 19 years,7719,52.33,*,-
1981,SE,SE81,20 to 24 years,14370,97.41,18038,122.27
1981,SE,SE81,25 to 29 years,15924,107.94,16998,115.23
1981,SE,SE81,30 to 34 years,15382,104.27,15331,103.92
1981,SE,SE81,35 to 39 years,15835,107.34,15835,107.34
1981,SE,SE81,40 to 44 years,16840,114.15,16840,114.15
1981,SE,SE81,45 to 49 years,17513,118.72,18231,123.58
1981,SE,SE81,50 to 54 years,17345,117.58,18187,123.28
1981,SE,SE81,55 to 59 years,17388,117.87,18273,123.87
1981,SE,SE81,60 to 64 years,15224,103.20,16871,114.36
1981,SE,SE81,65 to 69 years,13376,90.67,14368,97.40
1981,SE,SE81,70 to 74 years,12060,81.75,12513,84.82
1981,SE,SE81,75 to 79 years,10892,73.83,11693,79.26
1981,SE,SE81,80 years and over,10269,69.61,11197,75.90
1981,SE,SE81,TOTAL,14752,100.00,16051,108.81
1987,SE,SE87,Under 15 years,16198,102.06,*,-
1987,SE,SE87,15 to 19 years,14684,92.52,15291,96.35
1987,SE,SE87,20 to 24 years,13864,87.35,17970,113.23
1987,SE,SE87,25 to 29 years,16014,100.90,17203,108.39
1987,SE,SE87,30 to 34 years,16362,103.09,16653,104.93
1987,SE,SE87,35 to 39 years,17386,109.55,17699,111.52
1987,SE,SE87,40 to 44 years,18390,115.87,19000,119.72
1987,SE,SE87,45 to 49 years,19627,123.67,21040,132.57
1987,SE,SE87,50 to 54 years,19686,124.04,21128,133.12
1987,SE,SE87,55 to 59 years,19302,121.62,20403,128.56
1987,SE,SE87,60 to 64 years,16812,105.93,18144,114.32
1987,SE,SE87,65 to 69 years,14365,90.51,15509,97.72
1987,SE,SE87,70 to 74 years,12569,79.19,13641,85.95
1987,SE,SE87,75 to 79 years,11309,71.26,12236,77.10
1987,SE,SE87,80 years and over,9768,61.55,11020,69.43
1987,SE,SE87,TOTAL,15871,100.00,17664,111.30
1992,SE,SE92,Under 15 years,18370,99.67,*,-
1992,SE,SE92,15 to 19 years,15451,83.83,14751,80.03
1992,SE,SE92,20 to 24 years,14553,78.96,18812,102.07
1992,SE,SE92,25 to 29 years,18298,99.28,19581,106.24
1992,SE,SE92,30 to 34 years,18974,102.95,19396,105.24
1992,SE,SE92,35 to 39 years,19730,107.05,20150,109.33
1992,SE,SE92,40 to 44 years,21246,115.27,21929,118.98
1992,SE,SE92,45 to 49 years,23463,127.30,24490,132.87
1992,SE,SE92,50 to 54 years,24195,131.27,25538,138.56
1992,SE,SE92,55 to 59 years,23597,128.03,25327,137.42
1992,SE,SE92,60 to 64 years,21038,114.14,22594,122.59
1992,SE,SE92,65 to 69 years,17474,94.81,18854,102.30
1992,SE,SE92,70 to 74 years,15415,83.64,17302,93.87
1992,SE,SE92,75 to 79 years,13410,72.76,15202,82.48
1992,SE,SE92,80 years and over,11395,61.83,12855,69.75
1992,SE,SE92,TOTAL,18431,100.00,20900,113.40
1995,SE,SE95,Under 15 years,16976,98.39,*,-
1995,SE,SE95,15 to 19 years,15064,87.31,11788,68.32
1995,SE,SE95,20 to 24 years,11594,67.20,16190,93.83
1995,SE,SE95,25 to 29 years,16580,96.09,18154,105.22
1995,SE,SE95,30 to 34 years,17499,101.42,17982,104.22
1995,SE,SE95,35 to 39 years,17661,102.36,17922,103.87
1995,SE,SE95,40 to 44 years,18980,110.00,19531,113.20
1995,SE,SE95,45 to 49 years,20941,121.37,22398,129.81
1995,SE,SE95,50 to 54 years,22065,127.88,24007,139.14
1995,SE,SE95,55 to 59 years,21196,122.85,23050,133.59
1995,SE,SE95,60 to 64 years,19584,113.50,21192,122.82
1995,SE,SE95,65 to 69 years,17247,99.96,18246,105.75
1995,SE,SE95,70 to 74 years,15313,88.75,16572,96.05
1995,SE,SE95,75 to 79 years,14853,86.08,15937,92.37
1995,SE,SE95,80 years and over,13722,79.53,14347,83.15
1995,SE,SE95,TOTAL,17254,100.00,19239,111.50
2000,SE,SE00,Under 15 years,19319,96.15,*,-
2000,SE,SE00,15 to 19 years,21139,105.21,11996,59.70
2000,SE,SE00,20 to 24 years,17146,85.33,17597,87.58
2000,SE,SE00,25 to 29 years,19434,96.72,20260,100.83
2000,SE,SE00,30 to 34 years,20142,100.24,20463,101.84
2000,SE,SE00,35 to 39 years,20429,101.67,20706,103.05
2000,SE,SE00,40 to 44 years,21253,105.77,21934,109.16
2000,SE,SE00,45 to 49 years,23453,116.72,24821,123.53
2000,SE,SE00,50 to 54 years,25909,128.95,27841,138.56
2000,SE,SE00,55 to 59 years,26251,130.65,28589,142.28
2000,SE,SE00,60 to 64 years,23364,116.28,25202,125.43
2000,SE,SE00,65 to 69 years,19228,95.70,21439,106.70
2000,SE,SE00,70 to 74 years,16295,81.10,18283,90.99
2000,SE,SE00,75 to 79 years,14780,73.56,16609,82.66
2000,SE,SE00,80 years and over,12949,64.45,15650,77.89
2000,SE,SE00,TOTAL,20093,100.00,22337,111.17
2005,SE,SE05,Under 15 years,22239,96.22,*,-
2005,SE,SE05,15 to 19 years,23924,103.51,13087,56.62
2005,SE,SE05,20 to 24 years,19363,83.78,20900,90.43
2005,SE,SE05,25 to 29 years,22098,95.61,23530,101.81
2005,SE,SE05,30 to 34 years,23462,101.51,23699,102.54
2005,SE,SE05,35 to 39 years,23681,102.46,24042,104.02
2005,SE,SE05,40 to 44 years,24626,106.55,24902,107.74
2005,SE,SE05,45 to 49 years,26278,113.70,27494,118.96
2005,SE,SE05,50 to 54 years,28327,122.56,30555,132.20
2005,SE,SE05,55 to 59 years,29070,125.78,31839,137.76
2005,SE,SE05,60 to 64 years,27620,119.51,30590,132.36
2005,SE,SE05,65 to 69 years,22188,96.00,24298,105.13
2005,SE,SE05,70 to 74 years,18631,80.61,20622,89.23
2005,SE,SE05,75 to 79 years,16993,73.52,19091,82.60
2005,SE,SE05,80 years and over,14941,64.65,18081,78.23
2005,SE,SE05,TOTAL,23112,100.00,25478,110.24
1979,UK,UK79,Under 15 years,12575,92.53,*,-
1979,UK,UK79,15 to 19 years,15802,116.28,14473,106.50
1979,UK,UK79,20 to 24 years,17001,125.10,13629,100.29
1979,UK,UK79,25 to 29 years,14857,109.32,14348,105.58
1979,UK,UK79,30 to 34 years,13890,102.21,13590,100.00
1979,UK,UK79,35 to 39 years,14097,103.73,13971,102.80
1979,UK,UK79,40 to 44 years,15919,117.14,16103,118.49
1979,UK,UK79,45 to 49 years,17523,128.94,17795,130.94
1979,UK,UK79,50 to 54 years,17333,127.54,17853,131.37
1979,UK,UK79,55 to 59 years,14942,109.95,15255,112.25
1979,UK,UK79,60 to 64 years,11970,88.08,12611,92.80
1979,UK,UK79,65 to 69 years,9021,66.38,9692,71.32
1979,UK,UK79,70 to 74 years,8156,60.01,8645,63.61
1979,UK,UK79,75 to 79 years,7552,55.57,7897,58.11
1979,UK,UK79,80 years and over,7717,56.78,8628,63.49
1979,UK,UK79,TOTAL,13590,100.00,14130,103.97
1986,UK,UK86,Under 15 years,11960,87.63,*,-
1986,UK,UK86,15 to 19 years,15783,115.63,10386,76.09
1986,UK,UK86,20 to 24 years,17102,125.30,14194,103.99
1986,UK,UK86,25 to 29 years,15153,111.02,14098,103.29
1986,UK,UK86,30 to 34 years,14082,103.17,13739,100.66
1986,UK,UK86,35 to 39 years,14953,109.55,14938,109.44
1986,UK,UK86,40 to 44 years,16477,120.72,16494,120.84
1986,UK,UK86,45 to 49 years,17526,128.41,17829,130.62
1986,UK,UK86,50 to 54 years,17591,128.88,18680,136.86
1986,UK,UK86,55 to 59 years,15849,116.12,16163,118.42
1986,UK,UK86,60 to 64 years,12780,93.63,13349,97.80
1986,UK,UK86,65 to 69 years,10863,79.59,11458,83.95
1986,UK,UK86,70 to 74 years,9631,70.56,10370,75.98
1986,UK,UK86,75 to 79 years,9395,68.83,9637,70.61
1986,UK,UK86,80 years and over,9400,68.87,10632,77.90
1986,UK,UK86,TOTAL,13649,100.00,14459,105.93
1991,UK,UK91,Under 15 years,13124,83.05,*,-
1991,UK,UK91,15 to 19 years,17995,113.88,8786,55.60
1991,UK,UK91,20 to 24 years,19209,121.56,16359,103.52
1991,UK,UK91,25 to 29 years,18701,118.35,17754,112.35
1991,UK,UK91,30 to 34 years,16979,107.45,16518,104.53
1991,UK,UK91,35 to 39 years,17185,108.75,16920,107.08
1991,UK,UK91,40 to 44 years,19553,123.74,19735,124.89
1991,UK,UK91,45 to 49 years,20986,132.81,21858,138.32
1991,UK,UK91,50 to 54 years,19878,125.79,20632,130.57
1991,UK,UK91,55 to 59 years,17901,113.28,18861,119.36
1991,UK,UK91,60 to 64 years,15523,98.23,16410,103.85
1991,UK,UK91,65 to 69 years,11756,74.40,12611,79.81
1991,UK,UK91,70 to 74 years,10679,67.58,11724,74.19
1991,UK,UK91,75 to 79 years,9139,57.83,10637,67.31
1991,UK,UK91,80 years and over,9604,60.78,10464,66.22
1991,UK,UK91,TOTAL,15802,100.00,17071,108.03
1994,UK,UK94,Under 15 years,13468,82.59,*,-
1994,UK,UK94,15 to 19 years,17206,105.51,9569,58.68
1994,UK,UK94,20 to 24 years,18431,113.03,13776,84.48
1994,UK,UK94,25 to 29 years,19127,117.29,17738,108.78
1994,UK,UK94,30 to 34 years,17352,106.41,16943,103.90
1994,UK,UK94,35 to 39 years,17424,106.85,17304,106.11
1994,UK,UK94,40 to 44 years,19852,121.74,20124,123.41
1994,UK,UK94,45 to 49 years,22283,136.65,22864,140.21
1994,UK,UK94,50 to 54 years,21493,131.80,22394,137.33
1994,UK,UK94,55 to 59 years,18362,112.60,19355,118.69
1994,UK,UK94,60 to 64 years,15460,94.81,16160,99.10
1994,UK,UK94,65 to 69 years,13596,83.38,14572,89.36
1994,UK,UK94,70 to 74 years,11738,71.98,12856,78.84
1994,UK,UK94,75 to 79 years,11217,68.79,12112,74.27
1994,UK,UK94,80 years and over,10924,66.99,11961,73.35
1994,UK,UK94,TOTAL,16307,100.00,17736,108.76
1995,UK,UK95,Under 15 years,13202,82.31,*,-
1995,UK,UK95,15 to 19 years,17872,111.43,9410,58.67
1995,UK,UK95,20 to 24 years,18117,112.96,13861,86.42
1995,UK,UK95,25 to 29 years,17906,111.64,17036,106.22
1995,UK,UK95,30 to 34 years,17212,107.31,16652,103.82
1995,UK,UK95,35 to 39 years,17049,106.30,17049,106.30
1995,UK,UK95,40 to 44 years,19425,121.11,19883,123.97
1995,UK,UK95,45 to 49 years,22249,138.72,22983,143.29
1995,UK,UK95,50 to 54 years,20736,129.28,21696,135.27
1995,UK,UK95,55 to 59 years,18348,114.40,19621,122.33
1995,UK,UK95,60 to 64 years,15289,95.32,16010,99.82
1995,UK,UK95,65 to 69 years,14177,88.39,14921,93.03
1995,UK,UK95,70 to 74 years,11073,69.04,12150,75.75
1995,UK,UK95,75 to 79 years,10797,67.32,11755,73.29
1995,UK,UK95,80 years and over,10602,66.10,11059,68.95
1995,UK,UK95,TOTAL,16039,100.00,17431,108.68
1999,UK,UK99,Under 15 years,15336,82.63,*,-
1999,UK,UK99,15 to 19 years,19576,105.48,11423,61.55
1999,UK,UK99,20 to 24 years,21054,113.44,15210,81.95
1999,UK,UK99,25 to 29 years,22735,122.50,21350,115.04
1999,UK,UK99,30 to 34 years,20581,110.89,20244,109.08
1999,UK,UK99,35 to 39 years,20673,111.39,20467,110.28
1999,UK,UK99,40 to 44 years,21168,114.06,21600,116.39
1999,UK,UK99,45 to 49 years,24281,130.83,25309,136.37
1999,UK,UK99,50 to 54 years,24404,131.49,25705,138.50
1999,UK,UK99,55 to 59 years,20859,112.39,22269,119.99
1999,UK,UK99,60 to 64 years,17070,91.98,18121,97.64
1999,UK,UK99,65 to 69 years,14806,79.78,16156,87.05
1999,UK,UK99,70 to 74 years,13218,71.22,14028,75.59
1999,UK,UK99,75 to 79 years,12655,68.19,13504,72.76
1999,UK,UK99,80 years and over,12283,66.18,13044,70.28
1999,UK,UK99,TOTAL,18559,100.00,20087,108.23
2004,UK,UK04,Under 15 years,19037,86.45,*,-
2004,UK,UK04,15 to 19 years,21603,98.10,14206,64.51
2004,UK,UK04,20 to 24 years,25334,115.04,21496,97.61
2004,UK,UK04,25 to 29 years,26394,119.85,25699,116.70
2004,UK,UK04,30 to 34 years,25409,115.38,24702,112.17
2004,UK,UK04,35 to 39 years,24006,109.01,23749,107.84
2004,UK,UK04,40 to 44 years,25142,114.17,25524,115.90
2004,UK,UK04,45 to 49 years,27936,126.85,28774,130.66
2004,UK,UK04,50 to 54 years,28546,129.62,30022,136.33
2004,UK,UK04,55 to 59 years,25293,114.85,26876,122.04
2004,UK,UK04,60 to 64 years,20518,93.17,22312,101.32
2004,UK,UK04,65 to 69 years,17906,81.31,18978,86.18
2004,UK,UK04,70 to 74 years,16831,76.43,18104,82.21
2004,UK,UK04,75 to 79 years,15419,70.02,16086,73.05
2004,UK,UK04,80 years and over,15509,70.43,16200,73.56
2004,UK,UK04,TOTAL,22022,100.00,24002,108.99
2007,UK,UK07,Under 15 years,20509,86.92,*,-
2007,UK,UK07,15 to 19 years,23220,98.41,14678,62.21
2007,UK,UK07,20 to 24 years,24821,105.20,20969,88.87
2007,UK,UK07,25 to 29 years,28865,122.34,28595,121.19
2007,UK,UK07,30 to 34 years,27704,117.41,27102,114.86
2007,UK,UK07,35 to 39 years,25771,109.22,25562,108.34
2007,UK,UK07,40 to 44 years,27091,114.82,27498,116.54
2007,UK,UK07,45 to 49 years,28569,121.08,29562,125.29
2007,UK,UK07,50 to 54 years,29643,125.63,31196,132.21
2007,UK,UK07,55 to 59 years,26528,112.43,28912,122.53
2007,UK,UK07,60 to 64 years,22758,96.45,24400,103.41
2007,UK,UK07,65 to 69 years,20235,85.76,21483,91.05
2007,UK,UK07,70 to 74 years,18824,79.78,19781,83.84
2007,UK,UK07,75 to 79 years,17865,75.72,19423,82.32
2007,UK,UK07,80 years and over,17533,74.31,19139,81.11
2007,UK,UK07,TOTAL,23595,100.00,25846,109.54
2010,UK,UK10,Under 15 years,20399,88.64,*,-
2010,UK,UK10,15 to 19 years,21719,94.37,12837,55.78
2010,UK,UK10,20 to 24 years,21704,94.31,18759,81.51
2010,UK,UK10,25 to 29 years,25255,109.74,24022,104.38
2010,UK,UK10,30 to 34 years,26104,113.43,25651,111.46
2010,UK,UK10,35 to 39 years,25819,112.19,25795,112.08
2010,UK,UK10,40 to 44 years,25502,110.81,25980,112.89
2010,UK,UK10,45 to 49 years,27226,118.30,28231,122.67
2010,UK,UK10,50 to 54 years,28230,122.66,29935,130.07
2010,UK,UK10,55 to 59 years,26073,113.29,27989,121.62
2010,UK,UK10,60 to 64 years,23624,102.65,25436,110.52
2010,UK,UK10,65 to 69 years,21703,94.30,22584,98.13
2010,UK,UK10,70 to 74 years,19695,85.58,20710,89.99
2010,UK,UK10,75 to 79 years,18812,81.74,19536,84.89
2010,UK,UK10,80 years and over,18451,80.17,19358,84.11
2010,UK,UK10,TOTAL,23014,100.00,24953,108.43
1979,US,US79,Under 15 years,23411,85.00,*,-
1979,US,US79,15 to 19 years,28281,102.68,18787,68.21
1979,US,US79,20 to 24 years,29005,105.31,24753,89.87
1979,US,US79,25 to 29 years,28985,105.24,27700,100.57
1979,US,US79,30 to 34 years,29322,106.46,28542,103.63
1979,US,US79,35 to 39 years,29874,108.46,29661,107.69
1979,US,US79,40 to 44 years,32074,116.45,32254,117.10
1979,US,US79,45 to 49 years,34525,125.35,35219,127.87
1979,US,US79,50 to 54 years,34841,126.50,36214,131.48
1979,US,US79,55 to 59 years,34080,123.73,35811,130.02
1979,US,US79,60 to 64 years,29158,105.86,31645,114.89
1979,US,US79,65 to 69 years,23859,86.62,25837,93.81
1979,US,US79,70 to 74 years,20730,75.26,22487,81.64
1979,US,US79,75 to 79 years,18565,67.40,20521,74.51
1979,US,US79,80 years and over,17042,61.87,18747,68.06
1979,US,US79,TOTAL,27543,100.00,29606,107.49
1986,US,US86,Under 15 years,22691,81.39,*,-
1986,US,US86,15 to 19 years,27256,97.77,14301,51.30
1986,US,US86,20 to 24 years,27865,99.95,21383,76.70
1986,US,US86,25 to 29 years,28908,103.69,26793,96.11
1986,US,US86,30 to 34 years,28746,103.11,27936,100.21
1986,US,US86,35 to 39 years,30750,110.30,30421,109.12
1986,US,US86,40 to 44 years,33891,121.57,34177,122.59
1986,US,US86,45 to 49 years,36265,130.08,37146,133.24
1986,US,US86,50 to 54 years,36540,131.07,37780,135.52
1986,US,US86,55 to 59 years,33825,121.33,35161,126.12
1986,US,US86,60 to 64 years,30956,111.04,32876,117.93
1986,US,US86,65 to 69 years,27182,97.50,29428,105.56
1986,US,US86,70 to 74 years,24289,87.13,26918,96.56
1986,US,US86,75 to 79 years,21659,77.69,24671,88.50
1986,US,US86,80 years and over,18958,68.00,21137,75.82
1986,US,US86,TOTAL,27878,100.00,30437,109.18
1991,US,US91,Under 15 years,22592,80.87,*,-
1991,US,US91,15 to 19 years,26582,95.15,13124,46.98
1991,US,US91,20 to 24 years,27130,97.11,19940,71.38
1991,US,US91,25 to 29 years,28880,103.38,26735,95.70
1991,US,US91,30 to 34 years,28420,101.73,27419,98.15
1991,US,US91,35 to 39 years,30460,109.03,30288,108.42
1991,US,US91,40 to 44 years,33999,121.70,34385,123.08
1991,US,US91,45 to 49 years,37482,134.17,38643,138.33
1991,US,US91,50 to 54 years,37651,134.78,39079,139.89
1991,US,US91,55 to 59 years,34663,124.08,36821,131.80
1991,US,US91,60 to 64 years,31261,111.90,32854,117.60
1991,US,US91,65 to 69 years,27284,97.67,29316,104.94
1991,US,US91,70 to 74 years,24271,86.88,27087,96.96
1991,US,US91,75 to 79 years,22582,80.83,25349,90.74
1991,US,US91,80 years and over,19663,70.39,23161,82.91
1991,US,US91,TOTAL,27936,100.00,30722,109.97
1994,US,US94,Under 15 years,22998,82.73,*,-
1994,US,US94,15 to 19 years,26969,97.01,14387,51.75
1994,US,US94,20 to 24 years,25410,91.41,19612,70.55
1994,US,US94,25 to 29 years,27924,100.45,25960,93.38
1994,US,US94,30 to 34 years,28569,102.77,27931,100.47
1994,US,US94,35 to 39 years,30774,110.70,30710,110.47
1994,US,US94,40 to 44 years,33067,118.95,33662,121.09
1994,US,US94,45 to 49 years,37532,135.01,39135,140.78
1994,US,US94,50 to 54 years,38318,137.84,40396,145.31
1994,US,US94,55 to 59 years,34591,124.43,37038,133.24
1994,US,US94,60 to 64 years,30343,109.15,32516,116.97
1994,US,US94,65 to 69 years,26684,95.99,29204,105.05
1994,US,US94,70 to 74 years,24232,87.17,26577,95.60
1994,US,US94,75 to 79 years,22308,80.25,25350,91.19
1994,US,US94,80 years and over,19357,69.63,21865,78.65
1994,US,US94,TOTAL,27799,100.00,30761,110.66
1997,US,US97,Under 15 years,23959,81.79,*,-
1997,US,US97,15 to 19 years,28356,96.80,15967,54.51
1997,US,US97,20 to 24 years,27019,92.24,20872,71.25
1997,US,US97,25 to 29 years,29518,100.77,27318,93.26
1997,US,US97,30 to 34 years,30226,103.19,29460,100.57
1997,US,US97,35 to 39 years,30848,105.31,30967,105.72
1997,US,US97,40 to 44 years,33992,116.05,34461,117.65
1997,US,US97,45 to 49 years,37450,127.85,38807,132.48
1997,US,US97,50 to 54 years,40078,136.82,41949,143.21
1997,US,US97,55 to 59 years,37407,127.70,39542,134.99
1997,US,US97,60 to 64 years,32916,112.37,35249,120.34
1997,US,US97,65 to 69 years,29032,99.11,31183,106.46
1997,US,US97,70 to 74 years,25944,88.57,28178,96.20
1997,US,US97,75 to 79 years,23218,79.26,26493,90.44
1997,US,US97,80 years and over,20216,69.02,23742,81.05
1997,US,US97,TOTAL,29292,100.00,32361,110.48
2000,US,US00,Under 15 years,26770,85.25,*,-
2000,US,US00,15 to 19 years,30485,97.08,18363,58.48
2000,US,US00,20 to 24 years,28733,91.50,22679,72.22
2000,US,US00,25 to 29 years,31199,99.35,29505,93.96
2000,US,US00,30 to 34 years,32425,103.26,31845,101.41
2000,US,US00,35 to 39 years,33613,107.04,33637,107.12
2000,US,US00,40 to 44 years,36218,115.34,36998,117.82
2000,US,US00,45 to 49 years,38988,124.16,40613,129.33
2000,US,US00,50 to 54 years,41501,132.16,44224,140.83
2000,US,US00,55 to 59 years,38692,123.22,41219,131.26
2000,US,US00,60 to 64 years,33075,105.33,36150,115.12
2000,US,US00,65 to 69 years,29774,94.82,31662,100.83
2000,US,US00,70 to 74 years,26435,84.18,28160,89.68
2000,US,US00,75 to 79 years,23781,75.73,26179,83.37
2000,US,US00,80 years and over,21581,68.72,24807,79.00
2000,US,US00,TOTAL,31402,100.00,34356,109.41
2004,US,US04,Under 15 years,27795,87.57,*,-
2004,US,US04,15 to 19 years,30823,97.11,18664,58.80
2004,US,US04,20 to 24 years,28586,90.06,22585,71.15
2004,US,US04,25 to 29 years,30618,96.46,29242,92.13
2004,US,US04,30 to 34 years,32298,101.75,32084,101.08
2004,US,US04,35 to 39 years,33884,106.75,34346,108.21
2004,US,US04,40 to 44 years,36428,114.77,37550,118.30
2004,US,US04,45 to 49 years,38762,122.12,40555,127.77
2004,US,US04,50 to 54 years,41028,129.26,43945,138.45
2004,US,US04,55 to 59 years,39570,124.67,42918,135.21
2004,US,US04,60 to 64 years,35590,112.13,38172,120.26
2004,US,US04,65 to 69 years,30270,95.37,32878,103.58
2004,US,US04,70 to 74 years,26357,83.04,28883,91.00
2004,US,US04,75 to 79 years,23312,73.44,25458,80.21
2004,US,US04,80 years and over,21351,67.27,24378,76.80
2004,US,US04,TOTAL,31741,100.00,34800,109.64
2007,US,US07,Under 15 years,27678,85.95,*,-
2007,US,US07,15 to 19 years,30466,94.61,19854,61.65
2007,US,US07,20 to 24 years,28594,88.80,23434,72.77
2007,US,US07,25 to 29 years,31806,98.77,30524,94.79
2007,US,US07,30 to 34 years,33211,103.13,33084,102.74
2007,US,US07,35 to 39 years,35412,109.97,35629,110.64
2007,US,US07,40 to 44 years,36119,112.16,37193,115.50
2007,US,US07,45 to 49 years,37831,117.48,39777,123.52
2007,US,US07,50 to 54 years,40054,124.38,43082,133.79
2007,US,US07,55 to 59 years,40525,125.85,44114,136.99
2007,US,US07,60 to 64 years,37286,115.79,40490,125.74
2007,US,US07,65 to 69 years,31700,98.44,34931,108.47
2007,US,US07,70 to 74 years,27469,85.30,30202,93.79
2007,US,US07,75 to 79 years,24044,74.67,26688,82.88
2007,US,US07,80 years and over,21366,66.35,24246,75.29
2007,US,US07,TOTAL,32202,100.00,35508,110.27
2010,US,US10,Under 15 years,26643,85.39,*,-
2010,US,US10,15 to 19 years,29033,93.05,16303,52.25
2010,US,US10,20 to 24 years,27366,87.71,21364,68.47
2010,US,US10,25 to 29 years,30567,97.97,28974,92.86
2010,US,US10,30 to 34 years,31972,102.47,31647,101.43
2010,US,US10,35 to 39 years,33634,107.80,34211,109.65
2010,US,US10,40 to 44 years,34975,112.10,36276,116.27
2010,US,US10,45 to 49 years,36626,117.39,39022,125.07
2010,US,US10,50 to 54 years,38360,122.94,41390,132.66
2010,US,US10,55 to 59 years,39239,125.76,43431,139.20
2010,US,US10,60 to 64 years,36661,117.50,40230,128.94
2010,US,US10,65 to 69 years,33907,108.67,36478,116.91
2010,US,US10,70 to 74 years,28258,90.57,31145,99.82
2010,US,US10,75 to 79 years,25325,81.17,27667,88.67
2010,US,US10,80 years and over,22439,71.92,25437,81.53
2010,US,US10,TOTAL,31201,100.00,34756,111.39