index,Country,Year,dataset,Age,variable,Single.Person_EDHIW,Head.or.Spouse_EDHIW,children,other,EDHIW
1,au,2001,au2001,14 Under,EDHIW,,,,17858,17858
2,au,2001,au2001,15 to 19 years,EDHIW,,19397,23879,19397,23510
3,au,2001,au2001,20 to 29 years,EDHIW,22081,25131,29176,30654,26955
4,au,2001,au2001,30 to 39 years,EDHIW,24167,21220,24552,28695,21866
5,au,2001,au2001,40 to 49 years,EDHIW,22671,24799,25209,30995,24751
6,au,2001,au2001,50 to 59 years,EDHIW,14464,25777,,19021,24142
7,au,2001,au2001,60 to 69 years,EDHIW,10474,15806,,19084,15026
8,au,2001,au2001,70 to 79 years,EDHIW,10156,13818,,20268,12605
9,au,2001,au2001,80 years and over,EDHIW,,,,,
11,au,2003,au2003,14 Under,EDHIW,,,,18274,18274
12,au,2003,au2003,15 to 19 years,EDHIW,,18263,24111,21071,23451
13,au,2003,au2003,20 to 29 years,EDHIW,21502,24260,30846,28884,27005
14,au,2003,au2003,30 to 39 years,EDHIW,24029,21780,25348,31650,22553
15,au,2003,au2003,40 to 49 years,EDHIW,22487,24822,22110,27864,24631
16,au,2003,au2003,50 to 59 years,EDHIW,16533,27198,20959,21652,25785
17,au,2003,au2003,60 to 69 years,EDHIW,11094,16870,,21588,15598
18,au,2003,au2003,70 to 79 years,EDHIW,10451,14084,,21267,12893
19,au,2003,au2003,80 years and over,EDHIW,,,,,
21,au,2008,au2008,14 Under,EDHIW,,,25016,28313,25020
22,au,2008,au2008,15 to 19 years,EDHIW,,29961,30785,28998,30295
23,au,2008,au2008,20 to 29 years,EDHIW,27133,34790,37799,40147,36038
24,au,2008,au2008,30 to 39 years,EDHIW,31977,30739,31431,39263,30916
25,au,2008,au2008,40 to 49 years,EDHIW,27554,33016,30035,30184,32192
26,au,2008,au2008,50 to 59 years,EDHIW,24695,34861,21293,32891,33038
27,au,2008,au2008,60 to 69 years,EDHIW,14824,23269,,26246,22201
28,au,2008,au2008,70 to 79 years,EDHIW,12226,17744,,28550,16175
29,au,2008,au2008,80 years and over,EDHIW,11819,16855,,34206,15483
31,au,2010,au2010,14 Under,EDHIW,,,24858,28050,24973
32,au,2010,au2010,15 to 19 years,EDHIW,,25683,30373,28813,30069
33,au,2010,au2010,20 to 29 years,EDHIW,28082,34808,39099,40801,36735
34,au,2010,au2010,30 to 39 years,EDHIW,34739,30542,30983,40234,31525
35,au,2010,au2010,40 to 49 years,EDHIW,26306,31969,26053,30954,31041
36,au,2010,au2010,50 to 59 years,EDHIW,23107,35440,26879,25462,33099
37,au,2010,au2010,60 to 69 years,EDHIW,14865,24753,23526,25683,22650
38,au,2010,au2010,70 to 79 years,EDHIW,13700,16920,,24956,16321
39,au,2010,au2010,80 years and over,EDHIW,12782,17495,,27742,15607
41,au,1985,au1985,14 Under,EDHIW,,,,17508,17508
42,au,1985,au1985,15 to 19 years,EDHIW,12339,17571,23845,21496,23227
43,au,1985,au1985,20 to 29 years,EDHIW,22190,21027,31296,31761,24416
44,au,1985,au1985,30 to 39 years,EDHIW,28045,20244,25202,30737,20922
45,au,1985,au1985,40 to 49 years,EDHIW,25126,23849,16805,,23907
46,au,1985,au1985,50 to 59 years,EDHIW,18326,25131,,24001,24580
47,au,1985,au1985,60 to 69 years,EDHIW,9752,15316,,18741,14219
48,au,1985,au1985,70 to 79 years,EDHIW,9453,12595,,23623,11725
49,au,1985,au1985,80 years and over,EDHIW,,,,,
51,au,1989,au1989,14 Under,EDHIW,,,,17296,17296
52,au,1989,au1989,15 to 19 years,EDHIW,12621,17816,23051,21089,22184
53,au,1989,au1989,20 to 29 years,EDHIW,22545,23420,31378,29891,26153
54,au,1989,au1989,30 to 39 years,EDHIW,26360,20029,26917,31789,20863
55,au,1989,au1989,40 to 49 years,EDHIW,24081,24521,21840,23206,24357
56,au,1989,au1989,50 to 59 years,EDHIW,16981,25455,18131,19525,24161
57,au,1989,au1989,60 to 69 years,EDHIW,10174,16499,,16881,14863
58,au,1989,au1989,70 to 79 years,EDHIW,9725,13204,,20239,12102
59,au,1989,au1989,80 years and over,EDHIW,,,,,
61,au,1995,au1995,14 Under,EDHIW,,,,15922,15922
62,au,1995,au1995,15 to 19 years,EDHIW,,11962,21289,19024,20716
63,au,1995,au1995,20 to 29 years,EDHIW,18530,21787,28472,29461,24973
64,au,1995,au1995,30 to 39 years,EDHIW,21289,18348,20979,28038,19181
65,au,1995,au1995,40 to 49 years,EDHIW,20404,22689,20705,26205,22652
66,au,1995,au1995,50 to 59 years,EDHIW,12856,22869,,26307,22010
67,au,1995,au1995,60 to 69 years,EDHIW,9161,13949,,19467,13103
68,au,1995,au1995,70 to 79 years,EDHIW,9057,12622,,18331,11483
69,au,1995,au1995,80 years and over,EDHIW,,,,,
71,ca,2000,ca2000,14 Under,EDHIW,,,21516,24452,21637
72,ca,2000,ca2000,15 to 19 years,EDHIW,5086,14189,25919,21101,25030
73,ca,2000,ca2000,20 to 29 years,EDHIW,17491,22028,33458,26196,25373
74,ca,2000,ca2000,30 to 39 years,EDHIW,22484,25107,25956,32972,25264
75,ca,2000,ca2000,40 to 49 years,EDHIW,20675,28181,19733,26179,27345
76,ca,2000,ca2000,50 to 59 years,EDHIW,16186,31281,15978,26592,29135
77,ca,2000,ca2000,60 to 69 years,EDHIW,15232,24190,,27753,23307
78,ca,2000,ca2000,70 to 79 years,EDHIW,16425,22302,,31538,21541
79,ca,2000,ca2000,80 years and over,EDHIW,15623,20822,,28899,18955
81,ca,2004,ca2004,14 Under,EDHIW,,,22918,25642,22954
82,ca,2004,ca2004,15 to 19 years,EDHIW,6907,14573,27662,19510,25702
83,ca,2004,ca2004,20 to 29 years,EDHIW,17388,24194,34332,26869,26783
84,ca,2004,ca2004,30 to 39 years,EDHIW,24393,26900,29566,34113,27068
85,ca,2004,ca2004,40 to 49 years,EDHIW,21122,30140,20762,28240,29068
86,ca,2004,ca2004,50 to 59 years,EDHIW,17125,32572,19309,28380,30397
87,ca,2004,ca2004,60 to 69 years,EDHIW,16675,26979,,27054,25489
88,ca,2004,ca2004,70 to 79 years,EDHIW,17883,24042,,34092,23588
89,ca,2004,ca2004,80 years and over,EDHIW,16844,22690,,29714,20812
91,ca,2007,ca2007,14 Under,EDHIW,,,25118,28346,25159
92,ca,2007,ca2007,15 to 19 years,EDHIW,5867,18266,29352,25358,28502
93,ca,2007,ca2007,20 to 29 years,EDHIW,18852,25107,36064,26848,28125
94,ca,2007,ca2007,30 to 39 years,EDHIW,29066,29067,34540,36499,29510
95,ca,2007,ca2007,40 to 49 years,EDHIW,22246,31541,23813,29331,30556
96,ca,2007,ca2007,50 to 59 years,EDHIW,21438,36471,23379,29165,33476
97,ca,2007,ca2007,60 to 69 years,EDHIW,18057,30091,,31248,28019
98,ca,2007,ca2007,70 to 79 years,EDHIW,18894,26296,,32691,25358
99,ca,2007,ca2007,80 years and over,EDHIW,17638,25216,,31606,22894
101,ca,2010,ca2010,14 Under,EDHIW,,,26291,27480,26319
102,ca,2010,ca2010,15 to 19 years,EDHIW,6107,19285,31044,23748,29536
103,ca,2010,ca2010,20 to 29 years,EDHIW,19621,25693,37391,27688,28903
104,ca,2010,ca2010,30 to 39 years,EDHIW,26929,30603,33890,34801,30834
105,ca,2010,ca2010,40 to 49 years,EDHIW,25235,32603,22215,33271,31983
106,ca,2010,ca2010,50 to 59 years,EDHIW,20162,36227,20189,29642,33477
107,ca,2010,ca2010,60 to 69 years,EDHIW,18540,29660,,31550,27752
108,ca,2010,ca2010,70 to 79 years,EDHIW,18200,26200,,36014,25801
109,ca,2010,ca2010,80 years and over,EDHIW,18180,24988,,36399,23768
111,ca,1987,ca1987,14 Under,EDHIW,,,21598,,21598
112,ca,1987,ca1987,15 to 19 years,EDHIW,,15479,25917,19120,25357
113,ca,1987,ca1987,20 to 29 years,EDHIW,21429,23227,29622,28543,25687
114,ca,1987,ca1987,30 to 39 years,EDHIW,27178,24878,24925,32955,25264
115,ca,1987,ca1987,40 to 49 years,EDHIW,27383,28740,23911,32271,28543
116,ca,1987,ca1987,50 to 59 years,EDHIW,19522,29360,24440,28174,28685
117,ca,1987,ca1987,60 to 69 years,EDHIW,15708,23582,26722,,22484
118,ca,1987,ca1987,70 to 79 years,EDHIW,14332,19189,26572,,17658
119,ca,1987,ca1987,80 years and over,EDHIW,14359,16868,32098,,16829
121,ca,1991,ca1991,14 Under,EDHIW,,,21469,23749,21545
122,ca,1991,ca1991,15 to 19 years,EDHIW,8193,11526,25599,19348,24821
123,ca,1991,ca1991,20 to 29 years,EDHIW,20137,22758,31409,25951,25868
124,ca,1991,ca1991,30 to 39 years,EDHIW,24023,24247,29469,29629,24792
125,ca,1991,ca1991,40 to 49 years,EDHIW,27626,28434,26281,31937,28422
126,ca,1991,ca1991,50 to 59 years,EDHIW,21890,30237,25971,29505,29628
127,ca,1991,ca1991,60 to 69 years,EDHIW,15707,23498,,31199,22218
128,ca,1991,ca1991,70 to 79 years,EDHIW,15619,20370,,28585,19434
129,ca,1991,ca1991,80 years and over,EDHIW,14368,18939,,27208,16422
131,ca,1994,ca1994,14 Under,EDHIW,,,21449,22903,21479
132,ca,1994,ca1994,15 to 19 years,EDHIW,6531,12410,25401,21184,24698
133,ca,1994,ca1994,20 to 29 years,EDHIW,17170,23457,31322,26390,25530
134,ca,1994,ca1994,30 to 39 years,EDHIW,25802,24583,28754,31098,25134
135,ca,1994,ca1994,40 to 49 years,EDHIW,24203,28643,23684,30723,28291
136,ca,1994,ca1994,50 to 59 years,EDHIW,19610,30255,20718,28637,29339
137,ca,1994,ca1994,60 to 69 years,EDHIW,16113,23695,17243,27755,22458
138,ca,1994,ca1994,70 to 79 years,EDHIW,15717,21631,,30023,19622
139,ca,1994,ca1994,80 years and over,EDHIW,15022,18528,,25973,16884
141,ca,1997,ca1997,14 Under,EDHIW,,,,24103,21493
142,ca,1997,ca1997,15 to 19 years,EDHIW,6458,12730,,20564,24113
143,ca,1997,ca1997,20 to 29 years,EDHIW,16648,23243,,26730,25806
144,ca,1997,ca1997,30 to 39 years,EDHIW,24192,24467,,32383,25001
145,ca,1997,ca1997,40 to 49 years,EDHIW,24979,27845,,29698,27569
146,ca,1997,ca1997,50 to 59 years,EDHIW,19518,29894,,30125,28645
147,ca,1997,ca1997,60 to 69 years,EDHIW,15139,23253,,27941,22064
148,ca,1997,ca1997,70 to 79 years,EDHIW,15550,22070,,23814,20433
149,ca,1997,ca1997,80 years and over,EDHIW,15210,19644,,,17477
151,ca,1998,ca1998,14 Under,EDHIW,,,,,
152,ca,1998,ca1998,15 to 19 years,EDHIW,7128,11416,26273,20814,25122
153,ca,1998,ca1998,20 to 29 years,EDHIW,15407,22062,33338,26455,25244
154,ca,1998,ca1998,30 to 39 years,EDHIW,23726,25404,27185,31621,25617
155,ca,1998,ca1998,40 to 49 years,EDHIW,18974,28591,18388,26475,27761
156,ca,1998,ca1998,50 to 59 years,EDHIW,16086,30948,16079,24457,29026
157,ca,1998,ca1998,60 to 69 years,EDHIW,14947,23371,,29296,22518
158,ca,1998,ca1998,70 to 79 years,EDHIW,16107,21705,,28946,21196
159,ca,1998,ca1998,80 years and over,EDHIW,14804,19288,,30303,17987
161,de,2000,de2000,14 Under,EDHIW,,,22986,23690,22986
162,de,2000,de2000,15 to 19 years,EDHIW,,,25802,,25416
163,de,2000,de2000,20 to 29 years,EDHIW,17325,21820,30103,22999,24278
164,de,2000,de2000,30 to 39 years,EDHIW,25605,25455,31001,25681,25608
165,de,2000,de2000,40 to 49 years,EDHIW,26178,29196,26767,,28848
166,de,2000,de2000,50 to 59 years,EDHIW,24566,31551,,,30441
167,de,2000,de2000,60 to 69 years,EDHIW,20198,26093,,,24899
168,de,2000,de2000,70 to 79 years,EDHIW,18159,23523,,34423,21753
169,de,2000,de2000,80 years and over,EDHIW,18982,24768,,34991,21211
171,de,2004,de2004,14 Under,EDHIW,,,23424,18772,23401
172,de,2004,de2004,15 to 19 years,EDHIW,,,24701,,24610
173,de,2004,de2004,20 to 29 years,EDHIW,15599,21226,29377,20789,23573
174,de,2004,de2004,30 to 39 years,EDHIW,27005,25703,27617,,25939
175,de,2004,de2004,40 to 49 years,EDHIW,25789,28298,28768,,27989
176,de,2004,de2004,50 to 59 years,EDHIW,24997,31575,,,30422
177,de,2004,de2004,60 to 69 years,EDHIW,21008,26067,,,24999
178,de,2004,de2004,70 to 79 years,EDHIW,19547,23276,,,21711
179,de,2004,de2004,80 years and over,EDHIW,19266,24172,,32274,21187
181,de,2007,de2007,14 Under,EDHIW,,,23128,18108,23090
182,de,2007,de2007,15 to 19 years,EDHIW,,,24200,,23945
183,de,2007,de2007,20 to 29 years,EDHIW,15649,21880,29641,21808,23664
184,de,2007,de2007,30 to 39 years,EDHIW,25998,25582,30568,,25829
185,de,2007,de2007,40 to 49 years,EDHIW,26522,28038,29459,,27884
186,de,2007,de2007,50 to 59 years,EDHIW,22931,31206,,,30040
187,de,2007,de2007,60 to 69 years,EDHIW,20384,25102,,,24074
188,de,2007,de2007,70 to 79 years,EDHIW,18957,22122,,,20714
189,de,2007,de2007,80 years and over,EDHIW,19353,24279,,30546,21374
191,de,2010,de2010,14 Under,EDHIW,,,23587,20104,23575
192,de,2010,de2010,15 to 19 years,EDHIW,,,26503,,25899
193,de,2010,de2010,20 to 29 years,EDHIW,14315,21804,30502,26838,23994
194,de,2010,de2010,30 to 39 years,EDHIW,24333,26099,25931,,25852
195,de,2010,de2010,40 to 49 years,EDHIW,24844,29697,28233,,28853
196,de,2010,de2010,50 to 59 years,EDHIW,21694,31023,27454,,29218
197,de,2010,de2010,60 to 69 years,EDHIW,20184,25892,,,24406
198,de,2010,de2010,70 to 79 years,EDHIW,17949,22898,,,20846
199,de,2010,de2010,80 years and over,EDHIW,18151,22246,,31429,20148
201,de,1978,de1978,14 Under,EDHIW,,,25059,23812,25039
202,de,1978,de1978,15 to 19 years,EDHIW,,,26331,18836,26208
203,de,1978,de1978,20 to 29 years,EDHIW,20707,26306,31946,18384,27603
204,de,1978,de1978,30 to 39 years,EDHIW,30187,27902,32032,20764,28047
205,de,1978,de1978,40 to 49 years,EDHIW,29058,27740,28663,24661,27784
206,de,1978,de1978,50 to 59 years,EDHIW,25237,28717,30657,25457,28207
207,de,1978,de1978,60 to 69 years,EDHIW,17490,24029,,26814,22338
208,de,1978,de1978,70 to 79 years,EDHIW,16807,20491,,28140,18987
209,de,1978,de1978,80 years and over,EDHIW,15310,19730,,28815,19013
211,de,1981,de1981,14 Under,EDHIW,,,,,
212,de,1981,de1981,15 to 19 years,EDHIW,,,,,
213,de,1981,de1981,20 to 29 years,EDHIW,20649,22736,,,22140
214,de,1981,de1981,30 to 39 years,EDHIW,25069,22171,,,22628
215,de,1981,de1981,40 to 49 years,EDHIW,25530,23674,,,23725
216,de,1981,de1981,50 to 59 years,EDHIW,21863,25687,,,25138
217,de,1981,de1981,60 to 69 years,EDHIW,17275,21281,,,19563
218,de,1981,de1981,70 to 79 years,EDHIW,14924,17178,,,16700
219,de,1981,de1981,80 years and over,EDHIW,16195,16557,,,16557
231,de,1984,de1984,14 Under,EDHIW,,,18998,20344,18998
232,de,1984,de1984,15 to 19 years,EDHIW,,,22154,20887,22055
233,de,1984,de1984,20 to 29 years,EDHIW,18043,20092,26880,19343,22299
234,de,1984,de1984,30 to 39 years,EDHIW,24829,21807,27414,,22253
235,de,1984,de1984,40 to 49 years,EDHIW,25446,24504,,,24649
236,de,1984,de1984,50 to 59 years,EDHIW,19784,24939,,,24460
237,de,1984,de1984,60 to 69 years,EDHIW,15529,21303,,,20239
238,de,1984,de1984,70 to 79 years,EDHIW,15356,18003,,21941,17118
239,de,1984,de1984,80 years and over,EDHIW,12895,18622,,26053,16586
241,de,1989,de1989,14 Under,EDHIW,,,21765,21005,21721
242,de,1989,de1989,15 to 19 years,EDHIW,,,24138,,24006
243,de,1989,de1989,20 to 29 years,EDHIW,18726,24065,30446,26738,25974
244,de,1989,de1989,30 to 39 years,EDHIW,26515,24041,28236,,24658
245,de,1989,de1989,40 to 49 years,EDHIW,27429,28670,,,28287
246,de,1989,de1989,50 to 59 years,EDHIW,22639,29398,,,28637
247,de,1989,de1989,60 to 69 years,EDHIW,19571,23602,,,22810
248,de,1989,de1989,70 to 79 years,EDHIW,17047,21269,,,19545
249,de,1989,de1989,80 years and over,EDHIW,17070,22555,,25959,19161
251,de,1994,de1994,14 Under,EDHIW,,,20722,23466,20746
252,de,1994,de1994,15 to 19 years,EDHIW,,,24517,27365,24437
253,de,1994,de1994,20 to 29 years,EDHIW,18477,23290,29068,24793,24412
254,de,1994,de1994,30 to 39 years,EDHIW,25055,23552,28918,24229,24219
255,de,1994,de1994,40 to 49 years,EDHIW,25868,27939,27989,,27708
256,de,1994,de1994,50 to 59 years,EDHIW,23777,28711,,,28213
257,de,1994,de1994,60 to 69 years,EDHIW,17376,23378,,,22147
258,de,1994,de1994,70 to 79 years,EDHIW,18077,22775,,,20748
259,de,1994,de1994,80 years and over,EDHIW,16710,19745,,31554,18735
261,es,2000,es2000,14 Under,EDHIW,,,16912,18541,16977
262,es,2000,es2000,15 to 19 years,EDHIW,,,19987,16268,19445
263,es,2000,es2000,20 to 29 years,EDHIW,16790,19813,23860,22257,22280
264,es,2000,es2000,30 to 39 years,EDHIW,23939,19755,24353,23150,20938
265,es,2000,es2000,40 to 49 years,EDHIW,31131,21819,19885,20229,21474
266,es,2000,es2000,50 to 59 years,EDHIW,18083,23260,17296,20386,22782
267,es,2000,es2000,60 to 69 years,EDHIW,10934,17480,,20399,17173
268,es,2000,es2000,70 to 79 years,EDHIW,10188,14571,,20729,13865
269,es,2000,es2000,80 years and over,EDHIW,9395,15045,,20208,14898
271,es,2004,es2004,14 Under,EDHIW,,,16805,15222,16750
272,es,2004,es2004,15 to 19 years,EDHIW,,,17843,15734,17654
273,es,2004,es2004,20 to 29 years,EDHIW,18574,21606,22847,22150,22315
274,es,2004,es2004,30 to 39 years,EDHIW,21741,20630,21381,20444,20818
275,es,2004,es2004,40 to 49 years,EDHIW,22197,19953,18405,19653,19830
276,es,2004,es2004,50 to 59 years,EDHIW,13611,22599,19351,17459,22208
277,es,2004,es2004,60 to 69 years,EDHIW,11071,18015,,20351,17438
278,es,2004,es2004,70 to 79 years,EDHIW,10045,14000,,19876,13760
279,es,2004,es2004,80 years and over,EDHIW,,,,,
281,es,2007,es2007,14 Under,EDHIW,,,19030,18289,18968
282,es,2007,es2007,15 to 19 years,EDHIW,,,20036,16668,19709
283,es,2007,es2007,20 to 29 years,EDHIW,18521,22925,25031,21763,23873
284,es,2007,es2007,30 to 39 years,EDHIW,23572,22972,24131,24159,23228
285,es,2007,es2007,40 to 49 years,EDHIW,21748,21505,20071,21394,21394
286,es,2007,es2007,50 to 59 years,EDHIW,19983,24529,21763,25208,24257
287,es,2007,es2007,60 to 69 years,EDHIW,15428,20834,,19799,20456
288,es,2007,es2007,70 to 79 years,EDHIW,11926,15835,,20711,15715
289,es,2007,es2007,80 years and over,EDHIW,11225,14789,,21528,15223
291,es,2010,es2010,14 Under,EDHIW,,,17133,14529,16988
292,es,2010,es2010,15 to 19 years,EDHIW,,,18121,13836,17755
293,es,2010,es2010,20 to 29 years,EDHIW,17930,19055,21884,19209,20732
294,es,2010,es2010,30 to 39 years,EDHIW,21888,21032,21640,18557,21049
295,es,2010,es2010,40 to 49 years,EDHIW,20453,19064,19307,19224,19125
296,es,2010,es2010,50 to 59 years,EDHIW,16387,22623,17936,23203,22276
297,es,2010,es2010,60 to 69 years,EDHIW,13287,19881,,20907,19264
298,es,2010,es2010,70 to 79 years,EDHIW,12285,15512,,17922,15248
299,es,2010,es2010,80 years and over,EDHIW,11435,14669,,20440,14875
301,es,2013,es2013,14 Under,EDHIW,,,16380,13894,16132
302,es,2013,es2013,15 to 19 years,EDHIW,,,15909,17443,15919
303,es,2013,es2013,20 to 29 years,EDHIW,12170,15824,20426,15867,18366
304,es,2013,es2013,30 to 39 years,EDHIW,17170,18541,22928,19940,19473
305,es,2013,es2013,40 to 49 years,EDHIW,17746,18327,19942,18860,18495
306,es,2013,es2013,50 to 59 years,EDHIW,16470,21484,21154,18860,21015
307,es,2013,es2013,60 to 69 years,EDHIW,16190,22628,22387,22655,21722
308,es,2013,es2013,70 to 79 years,EDHIW,15168,19049,,18900,18220
309,es,2013,es2013,80 years and over,EDHIW,13779,17454,,22560,16907
311,es,1980,es1980,14 Under,EDHIW,,,10761,,10711
312,es,1980,es1980,15 to 19 years,EDHIW,,8798,11292,10387,11246
313,es,1980,es1980,20 to 29 years,EDHIW,15741,12721,13605,13954,13121
314,es,1980,es1980,30 to 39 years,EDHIW,18365,11733,12721,13795,11873
315,es,1980,es1980,40 to 49 years,EDHIW,13118,11423,10314,11150,11360
316,es,1980,es1980,50 to 59 years,EDHIW,9373,12118,9735,11773,12057
317,es,1980,es1980,60 to 69 years,EDHIW,7346,10108,,12584,10205
318,es,1980,es1980,70 to 79 years,EDHIW,7121,7846,,12406,9011
319,es,1980,es1980,80 years and over,EDHIW,6244,6730,,12169,9994
321,es,1990,es1990,14 Under,EDHIW,,,12480,12256,12466
322,es,1990,es1990,15 to 19 years,EDHIW,,7903,13249,12196,13196
323,es,1990,es1990,20 to 29 years,EDHIW,20897,13769,16965,16340,16208
324,es,1990,es1990,30 to 39 years,EDHIW,22834,13620,16655,18544,14276
325,es,1990,es1990,40 to 49 years,EDHIW,18312,14096,14043,16364,14173
326,es,1990,es1990,50 to 59 years,EDHIW,11203,15461,9933,15055,15366
327,es,1990,es1990,60 to 69 years,EDHIW,9146,13355,11577,15032,13217
328,es,1990,es1990,70 to 79 years,EDHIW,8607,11432,,16462,11860
329,es,1990,es1990,80 years and over,EDHIW,8334,9934,,16427,12644
331,es,1995,es1995,14 Under,EDHIW,,,14527,13468,14368
332,es,1995,es1995,15 to 19 years,EDHIW,,,14644,13207,14441
333,es,1995,es1995,20 to 29 years,EDHIW,16798,15846,17386,16544,17009
334,es,1995,es1995,30 to 39 years,EDHIW,28128,15973,18423,15547,16516
335,es,1995,es1995,40 to 49 years,EDHIW,25783,16944,16085,16184,16944
336,es,1995,es1995,50 to 59 years,EDHIW,16510,17260,18341,17773,17343
337,es,1995,es1995,60 to 69 years,EDHIW,10050,14140,,19746,13981
338,es,1995,es1995,70 to 79 years,EDHIW,9547,13620,,18161,13096
339,es,1995,es1995,80 years and over,EDHIW,8950,12933,,16105,13028
341,fr,2000,fr2000,14 Under,EDHIW,,,19078,14430,19038
342,fr,2000,fr2000,15 to 19 years,EDHIW,5757,,20801,12378,19847
343,fr,2000,fr2000,20 to 29 years,EDHIW,15393,19961,24377,18306,20478
344,fr,2000,fr2000,30 to 39 years,EDHIW,20097,20521,23826,,20732
345,fr,2000,fr2000,40 to 49 years,EDHIW,23169,23675,22579,,23601
346,fr,2000,fr2000,50 to 59 years,EDHIW,19321,26298,,,25051
347,fr,2000,fr2000,60 to 69 years,EDHIW,17035,21793,,,20553
348,fr,2000,fr2000,70 to 79 years,EDHIW,16298,19527,,19518,18486
349,fr,2000,fr2000,80 years and over,EDHIW,17036,19765,,23670,18636
351,fr,2005,fr2005,14 Under,EDHIW,,,19676,19148,19653
352,fr,2005,fr2005,15 to 19 years,EDHIW,7499,12657,21319,21799,21047
353,fr,2005,fr2005,20 to 29 years,EDHIW,15957,20432,24723,21997,21232
354,fr,2005,fr2005,30 to 39 years,EDHIW,20709,21448,24990,22080,21458
355,fr,2005,fr2005,40 to 49 years,EDHIW,20942,23053,21158,22001,22833
356,fr,2005,fr2005,50 to 59 years,EDHIW,21835,26692,,21158,25758
357,fr,2005,fr2005,60 to 69 years,EDHIW,18397,23537,,22083,22492
358,fr,2005,fr2005,70 to 79 years,EDHIW,17621,22325,,21863,20434
359,fr,2005,fr2005,80 years and over,EDHIW,17611,21273,,27016,19916
361,fr,2010,fr2010,14 Under,EDHIW,,,22812,16912,22766
362,fr,2010,fr2010,15 to 19 years,EDHIW,8216,15142,23593,15017,22715
363,fr,2010,fr2010,20 to 29 years,EDHIW,19070,23020,26721,23884,23023
364,fr,2010,fr2010,30 to 39 years,EDHIW,24063,25966,25937,26678,25805
365,fr,2010,fr2010,40 to 49 years,EDHIW,23024,26283,22573,23848,25880
366,fr,2010,fr2010,50 to 59 years,EDHIW,22343,29467,22810,24752,27995
367,fr,2010,fr2010,60 to 69 years,EDHIW,20956,28285,,22233,26492
368,fr,2010,fr2010,70 to 79 years,EDHIW,19753,23452,,27075,22244
369,fr,2010,fr2010,80 years and over,EDHIW,19716,22639,,27186,21502
371,fr,1978,fr1978,14 Under,EDHIW,,,17823,14891,17752
372,fr,1978,fr1978,15 to 19 years,EDHIW,,16103,18778,16237,18640
373,fr,1978,fr1978,20 to 29 years,EDHIW,20645,20395,21910,18460,20757
374,fr,1978,fr1978,30 to 39 years,EDHIW,24325,20226,20471,,20397
375,fr,1978,fr1978,40 to 49 years,EDHIW,23618,20210,16447,,20210
376,fr,1978,fr1978,50 to 59 years,EDHIW,16883,20344,18062,17001,20058
377,fr,1978,fr1978,60 to 69 years,EDHIW,12652,15937,,15937,15426
378,fr,1978,fr1978,70 to 79 years,EDHIW,10217,14961,,18246,13317
379,fr,1978,fr1978,80 years and over,EDHIW,9341,13443,,20817,13342
381,fr,1984,fr1984,14 Under,EDHIW,,,17486,12052,17465
382,fr,1984,fr1984,15 to 19 years,EDHIW,,13417,17474,10607,17209
383,fr,1984,fr1984,20 to 29 years,EDHIW,18090,18874,19846,15593,18939
384,fr,1984,fr1984,30 to 39 years,EDHIW,21968,19307,20093,,19554
385,fr,1984,fr1984,40 to 49 years,EDHIW,20566,20749,15832,,20557
386,fr,1984,fr1984,50 to 59 years,EDHIW,16157,18818,16196,18394,18394
387,fr,1984,fr1984,60 to 69 years,EDHIW,14690,16731,13209,18148,16288
388,fr,1984,fr1984,70 to 79 years,EDHIW,12119,14592,,19696,13886
389,fr,1984,fr1984,80 years and over,EDHIW,11397,15279,,17380,14225
391,fr,1989,fr1989,14 Under,EDHIW,,,17519,17140,17519
392,fr,1989,fr1989,15 to 19 years,EDHIW,,,18530,17001,18376
393,fr,1989,fr1989,20 to 29 years,EDHIW,17992,19704,21356,21712,19980
394,fr,1989,fr1989,30 to 39 years,EDHIW,20632,19590,21534,,19755
395,fr,1989,fr1989,40 to 49 years,EDHIW,20704,22145,20223,,21912
396,fr,1989,fr1989,50 to 59 years,EDHIW,17519,20153,19379,,19790
397,fr,1989,fr1989,60 to 69 years,EDHIW,14362,18745,,19452,17849
398,fr,1989,fr1989,70 to 79 years,EDHIW,12977,16945,,17502,15527
399,fr,1989,fr1989,80 years and over,EDHIW,11430,16168,,18951,13939
401,fr,1994,fr1994,14 Under,EDHIW,,,19523,14907,19449
402,fr,1994,fr1994,15 to 19 years,EDHIW,6858,,20946,9358,20497
403,fr,1994,fr1994,20 to 29 years,EDHIW,14806,18945,22272,19074,19641
404,fr,1994,fr1994,30 to 39 years,EDHIW,21687,21312,20839,,21337
405,fr,1994,fr1994,40 to 49 years,EDHIW,20322,24003,22049,,23681
406,fr,1994,fr1994,50 to 59 years,EDHIW,18225,24703,,,23572
407,fr,1994,fr1994,60 to 69 years,EDHIW,17234,20896,,20584,20108
408,fr,1994,fr1994,70 to 79 years,EDHIW,15564,20885,,19092,19205
409,fr,1994,fr1994,80 years and over,EDHIW,15412,17992,,21129,16950
411,it,2000,it2000,14 Under,EDHIW,,,15554,12495,15510
412,it,2000,it2000,15 to 19 years,EDHIW,,,16537,20487,16569
413,it,2000,it2000,20 to 29 years,EDHIW,19335,17197,21793,13718,20700
414,it,2000,it2000,30 to 39 years,EDHIW,24240,17173,23530,19243,19048
415,it,2000,it2000,40 to 49 years,EDHIW,21131,19367,22941,17369,19549
416,it,2000,it2000,50 to 59 years,EDHIW,19977,22395,14836,25420,21942
417,it,2000,it2000,60 to 69 years,EDHIW,14574,19087,,19484,18441
418,it,2000,it2000,70 to 79 years,EDHIW,11931,15647,,20259,15023
419,it,2000,it2000,80 years and over,EDHIW,12433,14652,,23172,14652
421,it,2004,it2004,14 Under,EDHIW,,,15678,13652,15515
422,it,2004,it2004,15 to 19 years,EDHIW,,,16873,14497,16735
423,it,2004,it2004,20 to 29 years,EDHIW,18877,18263,21428,15853,20675
424,it,2004,it2004,30 to 39 years,EDHIW,24280,17747,23617,15376,19986
425,it,2004,it2004,40 to 49 years,EDHIW,22959,19953,21453,15299,20279
426,it,2004,it2004,50 to 59 years,EDHIW,20936,22340,14497,19589,21994
427,it,2004,it2004,60 to 69 years,EDHIW,16653,19349,,23739,19286
428,it,2004,it2004,70 to 79 years,EDHIW,12855,16595,,19501,15253
429,it,2004,it2004,80 years and over,EDHIW,12762,16067,,20601,15400
431,it,2008,it2008,14 Under,EDHIW,,,16416,14615,16272
432,it,2008,it2008,15 to 19 years,EDHIW,,,18096,,18096
433,it,2008,it2008,20 to 29 years,EDHIW,16872,14112,22559,18533,20429
434,it,2008,it2008,30 to 39 years,EDHIW,21658,18706,24497,19918,20057
435,it,2008,it2008,40 to 49 years,EDHIW,23843,19361,24991,25673,20236
436,it,2008,it2008,50 to 59 years,EDHIW,21239,24402,21681,22067,24055
437,it,2008,it2008,60 to 69 years,EDHIW,16129,22655,,22745,21854
438,it,2008,it2008,70 to 79 years,EDHIW,14129,17567,,22751,16928
439,it,2008,it2008,80 years and over,EDHIW,13632,16488,,23266,16325
441,it,2010,it2010,14 Under,EDHIW,,,16096,14490,15880
442,it,2010,it2010,15 to 19 years,EDHIW,,,16708,10753,16396
443,it,2010,it2010,20 to 29 years,EDHIW,18688,14535,21076,18140,19773
444,it,2010,it2010,30 to 39 years,EDHIW,19965,17447,22910,20132,18739
445,it,2010,it2010,40 to 49 years,EDHIW,19953,18708,21330,20939,19195
446,it,2010,it2010,50 to 59 years,EDHIW,20315,22437,20761,26064,22416
447,it,2010,it2010,60 to 69 years,EDHIW,18794,22379,,16190,21486
448,it,2010,it2010,70 to 79 years,EDHIW,14573,18369,,23671,17431
449,it,2010,it2010,80 years and over,EDHIW,13777,15649,,23691,15597
451,it,1986,it1986,14 Under,EDHIW,,,14032,16584,14082
452,it,1986,it1986,15 to 19 years,EDHIW,,,14527,,14511
453,it,1986,it1986,20 to 29 years,EDHIW,17585,14153,17747,18210,16441
454,it,1986,it1986,30 to 39 years,EDHIW,22875,16298,19183,18902,16624
455,it,1986,it1986,40 to 49 years,EDHIW,21588,16478,13224,18902,16441
456,it,1986,it1986,50 to 59 years,EDHIW,14869,16624,9301,17135,16508
457,it,1986,it1986,60 to 69 years,EDHIW,11866,15164,,17334,14557
458,it,1986,it1986,70 to 79 years,EDHIW,9722,12434,,19562,13142
459,it,1986,it1986,80 years and over,EDHIW,9293,11636,,18702,12738
461,it,1987,it1987,14 Under,EDHIW,,,14001,17650,14135
462,it,1987,it1987,15 to 19 years,EDHIW,,,15972,13108,15972
463,it,1987,it1987,20 to 29 years,EDHIW,24534,15042,19838,17531,18192
464,it,1987,it1987,30 to 39 years,EDHIW,22726,16970,18440,26161,17483
465,it,1987,it1987,40 to 49 years,EDHIW,20992,16791,14659,24703,16868
466,it,1987,it1987,50 to 59 years,EDHIW,13651,18649,13417,20756,18474
467,it,1987,it1987,60 to 69 years,EDHIW,12422,16094,,20441,15866
468,it,1987,it1987,70 to 79 years,EDHIW,10849,14127,,18305,13613
469,it,1987,it1987,80 years and over,EDHIW,9228,11635,,19720,12633
471,it,1989,it1989,14 Under,EDHIW,,,15953,17364,16219
472,it,1989,it1989,15 to 19 years,EDHIW,,,17972,17364,17813
473,it,1989,it1989,20 to 29 years,EDHIW,22095,18174,21526,22359,20266
474,it,1989,it1989,30 to 39 years,EDHIW,24569,18800,21943,21482,19397
475,it,1989,it1989,40 to 49 years,EDHIW,25220,19968,18584,16772,19968
476,it,1989,it1989,50 to 59 years,EDHIW,15637,20121,13703,24253,19968
477,it,1989,it1989,60 to 69 years,EDHIW,13654,17453,,19765,17074
478,it,1989,it1989,70 to 79 years,EDHIW,11737,14334,,21847,14390
479,it,1989,it1989,80 years and over,EDHIW,10566,13561,,21368,14877
481,it,1991,it1991,14 Under,EDHIW,,,16461,20203,16551
482,it,1991,it1991,15 to 19 years,EDHIW,,,17870,15136,17756
483,it,1991,it1991,20 to 29 years,EDHIW,21671,16525,22426,18770,20767
484,it,1991,it1991,30 to 39 years,EDHIW,26869,18845,25431,22619,20203
485,it,1991,it1991,40 to 49 years,EDHIW,25114,19867,21833,22418,20223
486,it,1991,it1991,50 to 59 years,EDHIW,19645,20915,20886,20429,20898
487,it,1991,it1991,60 to 69 years,EDHIW,12987,18363,,21994,17848
488,it,1991,it1991,70 to 79 years,EDHIW,12018,16469,,22226,16119
489,it,1991,it1991,80 years and over,EDHIW,10053,16157,,21818,15444
491,it,1993,it1993,14 Under,EDHIW,,,14428,12161,14379
492,it,1993,it1993,15 to 19 years,EDHIW,,,16245,16527,16265
493,it,1993,it1993,20 to 29 years,EDHIW,19735,16869,20586,18906,19366
494,it,1993,it1993,30 to 39 years,EDHIW,23610,17562,21815,19552,18433
495,it,1993,it1993,40 to 49 years,EDHIW,22323,18870,19210,19408,19099
496,it,1993,it1993,50 to 59 years,EDHIW,18326,20265,18021,23930,20215
497,it,1993,it1993,60 to 69 years,EDHIW,10998,17691,,19167,16604
498,it,1993,it1993,70 to 79 years,EDHIW,10678,15607,,20586,14869
499,it,1993,it1993,80 years and over,EDHIW,9080,13521,,19378,14014
501,it,1995,it1995,14 Under,EDHIW,,,14238,12763,14167
502,it,1995,it1995,15 to 19 years,EDHIW,,,15398,14558,15283
503,it,1995,it1995,20 to 29 years,EDHIW,18023,16890,19677,14107,18927
504,it,1995,it1995,30 to 39 years,EDHIW,20309,16163,21525,20439,17325
505,it,1995,it1995,40 to 49 years,EDHIW,22728,18137,19253,22872,18354
506,it,1995,it1995,50 to 59 years,EDHIW,19677,19615,12611,19301,19511
507,it,1995,it1995,60 to 69 years,EDHIW,11884,17534,,17790,17050
508,it,1995,it1995,70 to 79 years,EDHIW,11493,15510,,18618,14765
509,it,1995,it1995,80 years and over,EDHIW,10464,13068,,19875,14017
511,it,1998,it1998,14 Under,EDHIW,,,16309,13223,16269
512,it,1998,it1998,15 to 19 years,EDHIW,,,15476,,15421
513,it,1998,it1998,20 to 29 years,EDHIW,18478,16544,21255,14634,20088
514,it,1998,it1998,30 to 39 years,EDHIW,20422,17155,22015,26052,18408
515,it,1998,it1998,40 to 49 years,EDHIW,24693,19776,16137,24295,19791
516,it,1998,it1998,50 to 59 years,EDHIW,16612,21674,17714,21845,21384
517,it,1998,it1998,60 to 69 years,EDHIW,11567,17893,,23760,17121
518,it,1998,it1998,70 to 79 years,EDHIW,11877,15419,,20218,14798
519,it,1998,it1998,80 years and over,EDHIW,12429,14777,,22342,15484
521,no,2000,no2000,14 Under,EDHIW,,,24154,,24154
522,no,2000,no2000,15 to 19 years,EDHIW,7037,15461,27909,23820,26829
523,no,2000,no2000,20 to 29 years,EDHIW,16729,24916,34127,31090,25062
524,no,2000,no2000,30 to 39 years,EDHIW,25360,25911,30758,29011,26024
525,no,2000,no2000,40 to 49 years,EDHIW,24210,29510,25854,31127,28614
526,no,2000,no2000,50 to 59 years,EDHIW,21827,32304,22434,,30434
527,no,2000,no2000,60 to 69 years,EDHIW,16923,26064,,,24478
528,no,2000,no2000,70 to 79 years,EDHIW,15137,20676,,,18481
529,no,2000,no2000,80 years and over,EDHIW,13378,18483,,,15047
531,no,2004,no2004,14 Under,EDHIW,,,26047,,26047
532,no,2004,no2004,15 to 19 years,EDHIW,7049,15053,29295,27419,28191
533,no,2004,no2004,20 to 29 years,EDHIW,15538,25566,35776,30772,24430
534,no,2004,no2004,30 to 39 years,EDHIW,25287,28162,34970,31877,27887
535,no,2004,no2004,40 to 49 years,EDHIW,25736,30973,29722,31463,30282
536,no,2004,no2004,50 to 59 years,EDHIW,24355,35546,26012,35250,33589
537,no,2004,no2004,60 to 69 years,EDHIW,20572,30277,,29507,27957
538,no,2004,no2004,70 to 79 years,EDHIW,18165,24593,,28818,22123
539,no,2004,no2004,80 years and over,EDHIW,15287,21939,,,17410
541,no,2007,no2007,14 Under,EDHIW,,,30404,35231,30459
542,no,2007,no2007,15 to 19 years,EDHIW,8770,19618,34043,30078,33029
543,no,2007,no2007,20 to 29 years,EDHIW,15993,30351,40808,35328,28019
544,no,2007,no2007,30 to 39 years,EDHIW,28871,32448,39822,38721,32136
545,no,2007,no2007,40 to 49 years,EDHIW,28024,35413,33046,36024,34386
546,no,2007,no2007,50 to 59 years,EDHIW,26925,40253,30192,37415,37858
547,no,2007,no2007,60 to 69 years,EDHIW,24168,35154,27436,36481,32673
548,no,2007,no2007,70 to 79 years,EDHIW,20207,27498,,35114,25228
549,no,2007,no2007,80 years and over,EDHIW,17792,24463,,33953,20660
551,no,2010,no2010,14 Under,EDHIW,,,31804,36695,31879
552,no,2010,no2010,15 to 19 years,EDHIW,8100,16950,35438,32382,34302
553,no,2010,no2010,20 to 29 years,EDHIW,15391,30210,42157,36026,28384
554,no,2010,no2010,30 to 39 years,EDHIW,28924,33756,41632,39715,33238
555,no,2010,no2010,40 to 49 years,EDHIW,28870,36796,35479,37037,35673
556,no,2010,no2010,50 to 59 years,EDHIW,27722,42271,32373,39557,39498
557,no,2010,no2010,60 to 69 years,EDHIW,25349,37543,28951,39631,34934
558,no,2010,no2010,70 to 79 years,EDHIW,21757,30001,,38130,27642
559,no,2010,no2010,80 years and over,EDHIW,19325,26476,,37021,22722
561,no,1979,no1979,14 Under,EDHIW,,,,,
562,no,1979,no1979,15 to 19 years,EDHIW,9451,10383,,,10113
563,no,1979,no1979,20 to 29 years,EDHIW,14968,15075,,,15060
564,no,1979,no1979,30 to 39 years,EDHIW,18939,16806,,,17085
565,no,1979,no1979,40 to 49 years,EDHIW,18608,17474,,,17548
566,no,1979,no1979,50 to 59 years,EDHIW,15961,18791,,,18406
567,no,1979,no1979,60 to 69 years,EDHIW,11658,17215,,,15967
568,no,1979,no1979,70 to 79 years,EDHIW,9745,11910,,,10818
569,no,1979,no1979,80 years and over,EDHIW,8532,11078,,,9205
571,no,1986,no1986,14 Under,EDHIW,,,19872,,19872
572,no,1986,no1986,15 to 19 years,EDHIW,,,23528,22109,22978
573,no,1986,no1986,20 to 29 years,EDHIW,16633,19581,27380,23860,21835
574,no,1986,no1986,30 to 39 years,EDHIW,21241,21130,25738,27328,21503
575,no,1986,no1986,40 to 49 years,EDHIW,21387,24745,19994,23618,24356
576,no,1986,no1986,50 to 59 years,EDHIW,18359,25867,,24660,25013
577,no,1986,no1986,60 to 69 years,EDHIW,13619,21421,,21473,19909
578,no,1986,no1986,70 to 79 years,EDHIW,10709,16283,,,13852
579,no,1986,no1986,80 years and over,EDHIW,10212,12716,,23704,10731
581,no,1991,no1991,14 Under,EDHIW,,,20099,,20099
582,no,1991,no1991,15 to 19 years,EDHIW,,,23620,18240,23098
583,no,1991,no1991,20 to 29 years,EDHIW,18188,19006,28283,25362,22471
584,no,1991,no1991,30 to 39 years,EDHIW,22024,21465,26901,24797,21911
585,no,1991,no1991,40 to 49 years,EDHIW,21758,25754,22973,29610,24985
586,no,1991,no1991,50 to 59 years,EDHIW,18103,27619,,25946,25682
587,no,1991,no1991,60 to 69 years,EDHIW,15886,22669,,22738,21377
588,no,1991,no1991,70 to 79 years,EDHIW,12967,18296,,24893,16361
589,no,1991,no1991,80 years and over,EDHIW,11395,14664,,22312,12476
591,no,1995,no1995,14 Under,EDHIW,,,20674,,20674
592,no,1995,no1995,15 to 19 years,EDHIW,,,23509,20213,22859
593,no,1995,no1995,20 to 29 years,EDHIW,13604,19847,28156,29579,20826
594,no,1995,no1995,30 to 39 years,EDHIW,22008,22296,25036,,22309
595,no,1995,no1995,40 to 49 years,EDHIW,20285,25591,22074,,24916
596,no,1995,no1995,50 to 59 years,EDHIW,20382,28158,18652,,26712
597,no,1995,no1995,60 to 69 years,EDHIW,15548,22138,,,20776
598,no,1995,no1995,70 to 79 years,EDHIW,13098,17535,,,16169
599,no,1995,no1995,80 years and over,EDHIW,11064,15710,,20988,12523
601,se,2000,se2000,14 Under,EDHIW,,,19319,,19319
602,se,2000,se2000,15 to 19 years,EDHIW,4506,11996,22018,,21139
603,se,2000,se2000,20 to 29 years,EDHIW,14465,19490,26741,,18579
604,se,2000,se2000,30 to 39 years,EDHIW,18872,20545,24927,27230,20222
605,se,2000,se2000,40 to 49 years,EDHIW,17999,23295,21189,25952,22369
606,se,2000,se2000,50 to 59 years,EDHIW,19295,28125,,22146,26064
607,se,2000,se2000,60 to 69 years,EDHIW,15666,23726,,,21444
608,se,2000,se2000,70 to 79 years,EDHIW,12982,17515,,21219,15527
609,se,2000,se2000,80 years and over,EDHIW,12083,15650,,18325,12949
611,se,2005,se2005,14 Under,EDHIW,,,22239,,22239
612,se,2005,se2005,15 to 19 years,EDHIW,8777,13087,24626,,23924
613,se,2005,se2005,20 to 29 years,EDHIW,16480,22516,30633,,21043
614,se,2005,se2005,30 to 39 years,EDHIW,22269,23840,30159,31707,23600
615,se,2005,se2005,40 to 49 years,EDHIW,22160,26054,26769,,25391
616,se,2005,se2005,50 to 59 years,EDHIW,21288,31131,,,28780
617,se,2005,se2005,60 to 69 years,EDHIW,18891,27991,,,25218
618,se,2005,se2005,70 to 79 years,EDHIW,14544,19853,,22958,17942
619,se,2005,se2005,80 years and over,EDHIW,13845,18081,,22191,14941
621,se,1981,se1981,14 Under,EDHIW,,,14951,,14951
622,se,1981,se1981,15 to 19 years,EDHIW,7566,,,,7719
623,se,1981,se1981,20 to 29 years,EDHIW,13913,17284,,,15133
624,se,1981,se1981,30 to 39 years,EDHIW,15530,15705,,,15705
625,se,1981,se1981,40 to 49 years,EDHIW,16506,17404,,,17122
626,se,1981,se1981,50 to 59 years,EDHIW,15072,18196,,,17367
627,se,1981,se1981,60 to 69 years,EDHIW,12509,15404,,,14282
628,se,1981,se1981,70 to 79 years,EDHIW,10709,12168,,,11477
629,se,1981,se1981,80 years and over,EDHIW,9794,11197,,,10269
631,se,1987,se1987,14 Under,EDHIW,,,16198,,16198
632,se,1987,se1987,15 to 19 years,EDHIW,5734,15291,18113,,14684
633,se,1987,se1987,20 to 29 years,EDHIW,13270,17463,,,14745
634,se,1987,se1987,30 to 39 years,EDHIW,15994,17151,,,16854
635,se,1987,se1987,40 to 49 years,EDHIW,15830,19721,,,18810
636,se,1987,se1987,50 to 59 years,EDHIW,15277,20794,,,19462
637,se,1987,se1987,60 to 69 years,EDHIW,12594,16696,,,15359
638,se,1987,se1987,70 to 79 years,EDHIW,10239,12946,,,11744
639,se,1987,se1987,80 years and over,EDHIW,9318,11020,,,9768
641,se,1992,se1992,14 Under,EDHIW,,,18370,,18370
642,se,1992,se1992,15 to 19 years,EDHIW,4596,14751,20549,,15451
643,se,1992,se1992,20 to 29 years,EDHIW,14416,19213,,,16648
644,se,1992,se1992,30 to 39 years,EDHIW,17858,19821,,,19304
645,se,1992,se1992,40 to 49 years,EDHIW,18385,23308,,,22430
646,se,1992,se1992,50 to 59 years,EDHIW,17893,25381,,,23936
647,se,1992,se1992,60 to 69 years,EDHIW,14866,20624,,,18947
648,se,1992,se1992,70 to 79 years,EDHIW,12366,16337,,,14590
649,se,1992,se1992,80 years and over,EDHIW,10844,12855,,,11395
651,se,1995,se1995,14 Under,EDHIW,,,16976,,16976
652,se,1995,se1995,15 to 19 years,EDHIW,3038,11788,18615,,15064
653,se,1995,se1995,20 to 29 years,EDHIW,12259,17701,,,14484
654,se,1995,se1995,30 to 39 years,EDHIW,16408,17936,,,17597
655,se,1995,se1995,40 to 49 years,EDHIW,16898,20829,,,19853
656,se,1995,se1995,50 to 59 years,EDHIW,17311,23626,,,21798
657,se,1995,se1995,60 to 69 years,EDHIW,15286,19759,,,18170
658,se,1995,se1995,70 to 79 years,EDHIW,13732,16229,,,15090
659,se,1995,se1995,80 years and over,EDHIW,13351,14347,,,13722
661,uk,2004,uk2004,14 Under,EDHIW,,,18984,20103,19037
662,uk,2004,uk2004,15 to 19 years,EDHIW,10789,14206,22278,19418,21603
663,uk,2004,uk2004,20 to 29 years,EDHIW,20492,24152,30143,26433,25918
664,uk,2004,uk2004,30 to 39 years,EDHIW,25594,24145,25585,38683,24505
665,uk,2004,uk2004,40 to 49 years,EDHIW,21634,27010,20981,24230,26356
666,uk,2004,uk2004,50 to 59 years,EDHIW,17876,28561,18720,24127,26745
667,uk,2004,uk2004,60 to 69 years,EDHIW,14913,20518,,23850,19180
668,uk,2004,uk2004,70 to 79 years,EDHIW,14468,17083,,22722,16178
669,uk,2004,uk2004,80 years and over,EDHIW,14367,16200,,23878,15509
671,uk,2007,uk2007,14 Under,EDHIW,,,20432,22301,20509
672,uk,2007,uk2007,15 to 19 years,EDHIW,,14678,24577,14013,23220
673,uk,2007,uk2007,20 to 29 years,EDHIW,20436,25752,30920,24038,26718
674,uk,2007,uk2007,30 to 39 years,EDHIW,27319,26258,27180,36129,26586
675,uk,2007,uk2007,40 to 49 years,EDHIW,23579,28508,21846,24742,27656
676,uk,2007,uk2007,50 to 59 years,EDHIW,18488,30187,20804,21814,28075
677,uk,2007,uk2007,60 to 69 years,EDHIW,16956,22984,,24024,21577
678,uk,2007,uk2007,70 to 79 years,EDHIW,16362,19567,,24444,18368
679,uk,2007,uk2007,80 years and over,EDHIW,16166,19139,,24321,17533
681,uk,2010,uk2010,14 Under,EDHIW,,,20368,21635,20399
682,uk,2010,uk2010,15 to 19 years,EDHIW,9406,12837,22845,13936,21719
683,uk,2010,uk2010,20 to 29 years,EDHIW,18851,21834,28436,18153,23424
684,uk,2010,uk2010,30 to 39 years,EDHIW,26114,25776,25831,33795,25982
685,uk,2010,uk2010,40 to 49 years,EDHIW,21057,26936,24503,27522,26446
686,uk,2010,uk2010,50 to 59 years,EDHIW,18681,28831,21411,24854,27205
687,uk,2010,uk2010,60 to 69 years,EDHIW,18053,24188,,23482,22604
688,uk,2010,uk2010,70 to 79 years,EDHIW,17385,20189,,24837,19156
689,uk,2010,uk2010,80 years and over,EDHIW,17207,19358,,25284,18451
691,uk,1979,uk1979,14 Under,EDHIW,,,12575,12437,12575
692,uk,1979,uk1979,15 to 19 years,EDHIW,,14473,15961,15607,15802
693,uk,1979,uk1979,20 to 29 years,EDHIW,14770,14182,20455,18833,15765
694,uk,1979,uk1979,30 to 39 years,EDHIW,18151,13839,15325,16262,13966
695,uk,1979,uk1979,40 to 49 years,EDHIW,13999,16927,14831,15597,16726
696,uk,1979,uk1979,50 to 59 years,EDHIW,11911,16667,,21280,16156
697,uk,1979,uk1979,60 to 69 years,EDHIW,7604,11042,,12559,10096
698,uk,1979,uk1979,70 to 79 years,EDHIW,7147,8352,,14275,7872
699,uk,1979,uk1979,80 years and over,EDHIW,6983,8628,,15627,7717
701,uk,1986,uk1986,14 Under,EDHIW,,,11944,12131,11960
702,uk,1986,uk1986,15 to 19 years,EDHIW,,10386,15972,16313,15783
703,uk,1986,uk1986,20 to 29 years,EDHIW,13365,14174,20337,20161,16125
704,uk,1986,uk1986,30 to 39 years,EDHIW,17241,14465,14781,14785,14520
705,uk,1986,uk1986,40 to 49 years,EDHIW,14506,16994,15383,,16858
706,uk,1986,uk1986,50 to 59 years,EDHIW,12073,17069,,,16559
707,uk,1986,uk1986,60 to 69 years,EDHIW,9604,12630,,13782,11900
708,uk,1986,uk1986,70 to 79 years,EDHIW,8766,10061,,14616,9553
709,uk,1986,uk1986,80 years and over,EDHIW,8641,10632,,15561,9400
711,uk,1991,uk1991,14 Under,EDHIW,,,13124,13097,13124
712,uk,1991,uk1991,15 to 19 years,EDHIW,,8786,18782,14924,17995
713,uk,1991,uk1991,20 to 29 years,EDHIW,16834,17217,21902,22076,18997
714,uk,1991,uk1991,30 to 39 years,EDHIW,21536,16697,18447,,17132
715,uk,1991,uk1991,40 to 49 years,EDHIW,14989,20874,15460,,20213
716,uk,1991,uk1991,50 to 59 years,EDHIW,12194,19862,,,18980
717,uk,1991,uk1991,60 to 69 years,EDHIW,9390,14278,,16466,13419
718,uk,1991,uk1991,70 to 79 years,EDHIW,8235,11397,,19291,9852
719,uk,1991,uk1991,80 years and over,EDHIW,8636,10464,,18570,9604
721,uk,1994,uk1994,14 Under,EDHIW,,,13468,,13468
722,uk,1994,uk1994,15 to 19 years,EDHIW,8472,9569,18199,13630,17206
723,uk,1994,uk1994,20 to 29 years,EDHIW,16434,16513,23052,17421,18889
724,uk,1994,uk1994,30 to 39 years,EDHIW,19286,17143,17188,19893,17402
725,uk,1994,uk1994,40 to 49 years,EDHIW,16432,21690,16907,18869,20988
726,uk,1994,uk1994,50 to 59 years,EDHIW,12879,21026,15295,16362,19925
727,uk,1994,uk1994,60 to 69 years,EDHIW,10914,15426,,15683,14518
728,uk,1994,uk1994,70 to 79 years,EDHIW,10077,12606,,17909,11443
729,uk,1994,uk1994,80 years and over,EDHIW,9883,11961,,18401,10924
731,uk,1995,uk1995,14 Under,EDHIW,,,13188,13644,13202
732,uk,1995,uk1995,15 to 19 years,EDHIW,,9410,18620,13693,17872
733,uk,1995,uk1995,20 to 29 years,EDHIW,17077,16451,22983,15732,18103
734,uk,1995,uk1995,30 to 39 years,EDHIW,20745,16837,17316,19159,17176
735,uk,1995,uk1995,40 to 49 years,EDHIW,15311,21230,16135,,20701
736,uk,1995,uk1995,50 to 59 years,EDHIW,12716,20470,,,19515
737,uk,1995,uk1995,60 to 69 years,EDHIW,11344,15561,,13451,14613
738,uk,1995,uk1995,70 to 79 years,EDHIW,9863,11958,,16603,10946
739,uk,1995,uk1995,80 years and over,EDHIW,10131,11059,,17450,10602
741,uk,1999,uk1999,14 Under,EDHIW,,,15261,17712,15336
742,uk,1999,uk1999,15 to 19 years,EDHIW,7360,11423,20541,15797,19576
743,uk,1999,uk1999,20 to 29 years,EDHIW,17553,19303,26418,23548,22062
744,uk,1999,uk1999,30 to 39 years,EDHIW,22433,20333,21501,25376,20630
745,uk,1999,uk1999,40 to 49 years,EDHIW,18406,23455,17785,17981,22671
746,uk,1999,uk1999,50 to 59 years,EDHIW,15296,24111,19920,19769,22923
747,uk,1999,uk1999,60 to 69 years,EDHIW,11939,17097,,19736,15992
748,uk,1999,uk1999,70 to 79 years,EDHIW,11149,13822,,18893,12949
749,uk,1999,uk1999,80 years and over,EDHIW,11303,13044,,20702,12283
751,us,2000,us2000,14 Under,EDHIW,,,27174,23517,26770
752,us,2000,us2000,15 to 19 years,EDHIW,13204,18363,32535,23856,30485
753,us,2000,us2000,20 to 29 years,EDHIW,26657,26791,38835,30402,30030
754,us,2000,us2000,30 to 39 years,EDHIW,34586,32852,33044,33643,33115
755,us,2000,us2000,40 to 49 years,EDHIW,32103,38668,30286,33573,37562
756,us,2000,us2000,50 to 59 years,EDHIW,31012,42822,25816,32649,40462
757,us,2000,us2000,60 to 69 years,EDHIW,22069,33819,20126,31281,31358
758,us,2000,us2000,70 to 79 years,EDHIW,18034,27431,,34150,25168
759,us,2000,us2000,80 years and over,EDHIW,16806,24807,,33255,21581
761,us,2004,us2004,14 Under,EDHIW,,,28207,23828,27795
762,us,2004,us2004,15 to 19 years,EDHIW,10468,18664,32856,23861,30823
763,us,2004,us2004,20 to 29 years,EDHIW,24943,26805,39433,29906,29747
764,us,2004,us2004,30 to 39 years,EDHIW,32524,33358,32608,31761,33099
765,us,2004,us2004,40 to 49 years,EDHIW,31276,39077,29613,30742,37543
766,us,2004,us2004,50 to 59 years,EDHIW,28669,43595,25591,32101,40317
767,us,2004,us2004,60 to 69 years,EDHIW,23058,36028,23557,33355,33065
768,us,2004,us2004,70 to 79 years,EDHIW,17759,27161,,34002,24759
769,us,2004,us2004,80 years and over,EDHIW,16843,24378,,34353,21351
771,us,2007,us2007,14 Under,EDHIW,,,28169,22898,27678
772,us,2007,us2007,15 to 19 years,EDHIW,15163,19854,32294,23458,30466
773,us,2007,us2007,20 to 29 years,EDHIW,24811,27813,38310,30994,30307
774,us,2007,us2007,30 to 39 years,EDHIW,33545,34382,34563,33556,34283
775,us,2007,us2007,40 to 49 years,EDHIW,30974,38522,28892,31576,36991
776,us,2007,us2007,50 to 59 years,EDHIW,30052,43556,24068,32530,40207
777,us,2007,us2007,60 to 69 years,EDHIW,23666,38116,24312,33364,34924
778,us,2007,us2007,70 to 79 years,EDHIW,18281,28118,,32075,25560
779,us,2007,us2007,80 years and over,EDHIW,17490,24246,,32634,21366
781,us,2010,us2010,14 Under,EDHIW,,,27030,23218,26643
782,us,2010,us2010,15 to 19 years,EDHIW,8193,16303,30673,23508,29033
783,us,2010,us2010,20 to 29 years,EDHIW,24052,25950,36053,30698,29028
784,us,2010,us2010,30 to 39 years,EDHIW,32333,32928,32745,30422,32703
785,us,2010,us2010,40 to 49 years,EDHIW,29848,37570,29140,28014,35797
786,us,2010,us2010,50 to 59 years,EDHIW,26988,42144,26823,29926,38730
787,us,2010,us2010,60 to 69 years,EDHIW,24878,38638,25926,31462,35378
788,us,2010,us2010,70 to 79 years,EDHIW,19762,29479,,30609,26877
789,us,2010,us2010,80 years and over,EDHIW,17905,25437,,32231,22439
791,us,2013,us2013,14 Under,EDHIW,,,26977,23374,26567
792,us,2013,us2013,15 to 19 years,EDHIW,,20528,30758,22465,29154
793,us,2013,us2013,20 to 29 years,EDHIW,23211,25994,34503,28567,28499
794,us,2013,us2013,30 to 39 years,EDHIW,29455,32048,32577,31386,31751
795,us,2013,us2013,40 to 49 years,EDHIW,30237,36705,28766,28337,35070
796,us,2013,us2013,50 to 59 years,EDHIW,25573,39818,26201,29127,37044
797,us,2013,us2013,60 to 69 years,EDHIW,24107,38090,24626,30333,34608
798,us,2013,us2013,70 to 79 years,EDHIW,20022,31637,,30190,28626
799,us,2013,us2013,80 years and over,EDHIW,17437,26488,,32291,22531
801,us,1979,us1979,14 Under,EDHIW,,,23652,19811,23411
802,us,1979,us1979,15 to 19 years,EDHIW,14037,18787,29706,21611,28281
803,us,1979,us1979,20 to 29 years,EDHIW,25796,26484,36923,31510,28991
804,us,1979,us1979,30 to 39 years,EDHIW,34283,29022,31365,34828,29589
805,us,1979,us1979,40 to 49 years,EDHIW,30460,33558,24897,32846,33219
806,us,1979,us1979,50 to 59 years,EDHIW,23890,35971,23803,27086,34494
807,us,1979,us1979,60 to 69 years,EDHIW,16822,28751,24978,27756,26442
808,us,1979,us1979,70 to 79 years,EDHIW,14688,21808,,28644,19713
809,us,1979,us1979,80 years and over,EDHIW,13020,18747,,28650,17042
811,us,1986,us1986,14 Under,EDHIW,,,23054,19135,22691
812,us,1986,us1986,15 to 19 years,EDHIW,7982,14301,28755,20485,27256
813,us,1986,us1986,20 to 29 years,EDHIW,25661,25027,36668,30240,28424
814,us,1986,us1986,30 to 39 years,EDHIW,33642,29149,30209,33123,29723
815,us,1986,us1986,40 to 49 years,EDHIW,32304,35388,26122,32696,34857
816,us,1986,us1986,50 to 59 years,EDHIW,23861,36606,26738,29455,35112
817,us,1986,us1986,60 to 69 years,EDHIW,19873,31482,21494,28057,28984
818,us,1986,us1986,70 to 79 years,EDHIW,16060,26037,,30222,23220
819,us,1986,us1986,80 years and over,EDHIW,14908,21137,,31797,18958
821,us,1991,us1991,14 Under,EDHIW,,,22939,19067,22592
822,us,1991,us1991,15 to 19 years,EDHIW,12021,13124,28373,19367,26582
823,us,1991,us1991,20 to 29 years,EDHIW,25242,24047,37320,27863,27956
824,us,1991,us1991,30 to 39 years,EDHIW,32496,28802,31077,31190,29408
825,us,1991,us1991,40 to 49 years,EDHIW,32004,36206,24357,32205,35332
826,us,1991,us1991,50 to 59 years,EDHIW,26051,38092,21262,30395,36234
827,us,1991,us1991,60 to 69 years,EDHIW,20077,31206,20306,28815,28975
828,us,1991,us1991,70 to 79 years,EDHIW,17154,26267,,31052,23630
829,us,1991,us1991,80 years and over,EDHIW,15382,23161,,32934,19663
831,us,1994,us1994,14 Under,EDHIW,,,23219,20820,22998
832,us,1994,us1994,15 to 19 years,EDHIW,10014,14387,28742,21560,26969
833,us,1994,us1994,20 to 29 years,EDHIW,22771,23214,36506,28207,26758
834,us,1994,us1994,30 to 39 years,EDHIW,32923,29312,30609,28369,29665
835,us,1994,us1994,40 to 49 years,EDHIW,30639,35925,26204,28319,34956
836,us,1994,us1994,50 to 59 years,EDHIW,26539,38845,22243,27659,36668
837,us,1994,us1994,60 to 69 years,EDHIW,19599,30753,20576,29181,28541
838,us,1994,us1994,70 to 79 years,EDHIW,17629,26026,,29612,23314
839,us,1994,us1994,80 years and over,EDHIW,15414,21865,,32103,19357
841,us,1997,us1997,14 Under,EDHIW,,,24386,20622,23959
842,us,1997,us1997,15 to 19 years,EDHIW,7936,15967,29999,21941,28356
843,us,1997,us1997,20 to 29 years,EDHIW,24923,24906,37536,29682,28348
844,us,1997,us1997,30 to 39 years,EDHIW,32360,30256,31723,31027,30570
845,us,1997,us1997,40 to 49 years,EDHIW,31806,36368,28710,29706,35519
846,us,1997,us1997,50 to 59 years,EDHIW,27619,41093,24733,32563,38875
847,us,1997,us1997,60 to 69 years,EDHIW,20276,33333,21320,32669,30980
848,us,1997,us1997,70 to 79 years,EDHIW,17982,27315,,31542,24716
849,us,1997,us1997,80 years and over,EDHIW,16696,23742,,32656,20216
